"id","year","country","percent"
"1",1640,"black.grouse",
"2",1641,"black.grouse",228
"3",1642,"black.grouse",
"4",1643,"black.grouse",
"5",1644,"black.grouse",74
"6",1645,"black.grouse",122
"7",1646,"black.grouse",287
"8",1647,"black.grouse",
"9",1648,"black.grouse",
"10",1649,"black.grouse",
"11",1650,"black.grouse",
"12",1651,"black.grouse",
"13",1652,"black.grouse",
"14",1653,"black.grouse",
"15",1654,"black.grouse",
"16",1655,"black.grouse",
"17",1656,"black.grouse",
"18",1657,"black.grouse",
"19",1658,"black.grouse",
"20",1659,"black.grouse",0
"21",1660,"black.grouse",
"22",1661,"black.grouse",
"23",1662,"black.grouse",
"24",1663,"black.grouse",853
"25",1664,"black.grouse",69
"26",1665,"black.grouse",
"27",1666,"black.grouse",
"28",1667,"black.grouse",
"29",1668,"black.grouse",
"30",1669,"black.grouse",
"31",1670,"black.grouse",0
"32",1671,"black.grouse",2
"33",1672,"black.grouse",
"34",1673,"black.grouse",
"35",1674,"black.grouse",
"36",1675,"black.grouse",
"37",1676,"black.grouse",
"38",1677,"black.grouse",
"39",1678,"black.grouse",
"40",1679,"black.grouse",43
"41",1680,"black.grouse",
"42",1681,"black.grouse",
"43",1682,"black.grouse",
"44",1683,"black.grouse",
"45",1684,"black.grouse",
"46",1685,"black.grouse",
"47",1686,"black.grouse",
"48",1687,"black.grouse",
"49",1688,"black.grouse",
"50",1640,"bustard",
"51",1641,"bustard",
"52",1642,"bustard",
"53",1643,"bustard",
"54",1644,"bustard",
"55",1645,"bustard",
"56",1646,"bustard",4
"57",1647,"bustard",
"58",1648,"bustard",
"59",1649,"bustard",
"60",1650,"bustard",
"61",1651,"bustard",
"62",1652,"bustard",
"63",1653,"bustard",
"64",1654,"bustard",
"65",1655,"bustard",
"66",1656,"bustard",
"67",1657,"bustard",
"68",1658,"bustard",
"69",1659,"bustard",0
"70",1660,"bustard",
"71",1661,"bustard",
"72",1662,"bustard",
"73",1663,"bustard",3
"74",1664,"bustard",
"75",1665,"bustard",
"76",1666,"bustard",
"77",1667,"bustard",
"78",1668,"bustard",
"79",1669,"bustard",
"80",1670,"bustard",
"81",1671,"bustard",
"82",1672,"bustard",
"83",1673,"bustard",
"84",1674,"bustard",
"85",1675,"bustard",
"86",1676,"bustard",
"87",1677,"bustard",
"88",1678,"bustard",
"89",1679,"bustard",
"90",1680,"bustard",
"91",1681,"bustard",
"92",1682,"bustard",
"93",1683,"bustard",
"94",1684,"bustard",
"95",1685,"bustard",
"96",1686,"bustard",
"97",1687,"bustard",
"98",1688,"bustard",
"99",1640,"capercaillie",
"100",1641,"capercaillie",22
"101",1642,"capercaillie",
"102",1643,"capercaillie",
"103",1644,"capercaillie",26
"104",1645,"capercaillie",51
"105",1646,"capercaillie",94
"106",1647,"capercaillie",
"107",1648,"capercaillie",
"108",1649,"capercaillie",
"109",1650,"capercaillie",
"110",1651,"capercaillie",
"111",1652,"capercaillie",
"112",1653,"capercaillie",
"113",1654,"capercaillie",
"114",1655,"capercaillie",
"115",1656,"capercaillie",
"116",1657,"capercaillie",
"117",1658,"capercaillie",
"118",1659,"capercaillie",0
"119",1660,"capercaillie",
"120",1661,"capercaillie",
"121",1662,"capercaillie",
"122",1663,"capercaillie",86
"123",1664,"capercaillie",8
"124",1665,"capercaillie",
"125",1666,"capercaillie",
"126",1667,"capercaillie",
"127",1668,"capercaillie",
"128",1669,"capercaillie",
"129",1670,"capercaillie",0
"130",1671,"capercaillie",
"131",1672,"capercaillie",
"132",1673,"capercaillie",
"133",1674,"capercaillie",
"134",1675,"capercaillie",
"135",1676,"capercaillie",
"136",1677,"capercaillie",
"137",1678,"capercaillie",
"138",1679,"capercaillie",
"139",1680,"capercaillie",
"140",1681,"capercaillie",
"141",1682,"capercaillie",
"142",1683,"capercaillie",
"143",1684,"capercaillie",
"144",1685,"capercaillie",
"145",1686,"capercaillie",
"146",1687,"capercaillie",
"147",1688,"capercaillie",
"148",1640,"capon",
"149",1641,"capon",842
"150",1642,"capon",
"151",1643,"capon",
"152",1644,"capon",609
"153",1645,"capon",858
"154",1646,"capon",871
"155",1647,"capon",
"156",1648,"capon",
"157",1649,"capon",
"158",1650,"capon",
"159",1651,"capon",
"160",1652,"capon",
"161",1653,"capon",
"162",1654,"capon",
"163",1655,"capon",
"164",1656,"capon",
"165",1657,"capon",
"166",1658,"capon",
"167",1659,"capon",0
"168",1660,"capon",
"169",1661,"capon",
"170",1662,"capon",12
"171",1663,"capon",515
"172",1664,"capon",250
"173",1665,"capon",8
"174",1666,"capon",
"175",1667,"capon",
"176",1668,"capon",0
"177",1669,"capon",
"178",1670,"capon",20
"179",1671,"capon",17
"180",1672,"capon",
"181",1673,"capon",
"182",1674,"capon",
"183",1675,"capon",
"184",1676,"capon",
"185",1677,"capon",
"186",1678,"capon",
"187",1679,"capon",53
"188",1680,"capon",
"189",1681,"capon",134
"190",1682,"capon",
"191",1683,"capon",
"192",1684,"capon",
"193",1685,"capon",
"194",1686,"capon",
"195",1687,"capon",
"196",1688,"capon",
"197",1640,"coot",
"198",1641,"coot",
"199",1642,"coot",
"200",1643,"coot",
"201",1644,"coot",
"202",1645,"coot",
"203",1646,"coot",
"204",1647,"coot",
"205",1648,"coot",
"206",1649,"coot",
"207",1650,"coot",
"208",1651,"coot",
"209",1652,"coot",
"210",1653,"coot",
"211",1654,"coot",
"212",1655,"coot",
"213",1656,"coot",
"214",1657,"coot",
"215",1658,"coot",
"216",1659,"coot",0
"217",1660,"coot",
"218",1661,"coot",
"219",1662,"coot",
"220",1663,"coot",43
"221",1664,"coot",8
"222",1665,"coot",
"223",1666,"coot",
"224",1667,"coot",
"225",1668,"coot",
"226",1669,"coot",
"227",1670,"coot",
"228",1671,"coot",
"229",1672,"coot",
"230",1673,"coot",
"231",1674,"coot",
"232",1675,"coot",
"233",1676,"coot",
"234",1677,"coot",
"235",1678,"coot",
"236",1679,"coot",
"237",1680,"coot",
"238",1681,"coot",
"239",1682,"coot",
"240",1683,"coot",
"241",1684,"coot",
"242",1685,"coot",
"243",1686,"coot",
"244",1687,"coot",
"245",1688,"coot",
"246",1640,"curlew",
"247",1641,"curlew",12
"248",1642,"curlew",
"249",1643,"curlew",
"250",1644,"curlew",
"251",1645,"curlew",
"252",1646,"curlew",
"253",1647,"curlew",
"254",1648,"curlew",
"255",1649,"curlew",
"256",1650,"curlew",
"257",1651,"curlew",
"258",1652,"curlew",
"259",1653,"curlew",
"260",1654,"curlew",
"261",1655,"curlew",
"262",1656,"curlew",
"263",1657,"curlew",
"264",1658,"curlew",
"265",1659,"curlew",0
"266",1660,"curlew",
"267",1661,"curlew",
"268",1662,"curlew",
"269",1663,"curlew",11
"270",1664,"curlew",13
"271",1665,"curlew",
"272",1666,"curlew",
"273",1667,"curlew",
"274",1668,"curlew",1
"275",1669,"curlew",
"276",1670,"curlew",
"277",1671,"curlew",
"278",1672,"curlew",
"279",1673,"curlew",
"280",1674,"curlew",
"281",1675,"curlew",
"282",1676,"curlew",
"283",1677,"curlew",
"284",1678,"curlew",
"285",1679,"curlew",
"286",1680,"curlew",
"287",1681,"curlew",
"288",1682,"curlew",
"289",1683,"curlew",
"290",1684,"curlew",
"291",1685,"curlew",
"292",1686,"curlew",
"293",1687,"curlew",
"294",1688,"curlew",
"295",1640,"dried.geese",
"296",1641,"dried.geese",297
"297",1642,"dried.geese",
"298",1643,"dried.geese",
"299",1644,"dried.geese",108
"300",1645,"dried.geese",128
"301",1646,"dried.geese",60
"302",1647,"dried.geese",
"303",1648,"dried.geese",
"304",1649,"dried.geese",
"305",1650,"dried.geese",
"306",1651,"dried.geese",
"307",1652,"dried.geese",
"308",1653,"dried.geese",
"309",1654,"dried.geese",
"310",1655,"dried.geese",
"311",1656,"dried.geese",
"312",1657,"dried.geese",
"313",1658,"dried.geese",
"314",1659,"dried.geese",0
"315",1660,"dried.geese",
"316",1661,"dried.geese",
"317",1662,"dried.geese",
"318",1663,"dried.geese",117
"319",1664,"dried.geese",44
"320",1665,"dried.geese",
"321",1666,"dried.geese",
"322",1667,"dried.geese",
"323",1668,"dried.geese",15
"324",1669,"dried.geese",
"325",1670,"dried.geese",10
"326",1671,"dried.geese",
"327",1672,"dried.geese",
"328",1673,"dried.geese",
"329",1674,"dried.geese",
"330",1675,"dried.geese",
"331",1676,"dried.geese",
"332",1677,"dried.geese",
"333",1678,"dried.geese",
"334",1679,"dried.geese",
"335",1680,"dried.geese",
"336",1681,"dried.geese",
"337",1682,"dried.geese",
"338",1683,"dried.geese",
"339",1684,"dried.geese",
"340",1685,"dried.geese",
"341",1686,"dried.geese",
"342",1687,"dried.geese",
"343",1688,"dried.geese",
"344",1640,"fieldfare",
"345",1641,"fieldfare",729
"346",1642,"fieldfare",
"347",1643,"fieldfare",
"348",1644,"fieldfare",3
"349",1645,"fieldfare",197
"350",1646,"fieldfare",3180
"351",1647,"fieldfare",
"352",1648,"fieldfare",
"353",1649,"fieldfare",
"354",1650,"fieldfare",
"355",1651,"fieldfare",
"356",1652,"fieldfare",
"357",1653,"fieldfare",
"358",1654,"fieldfare",
"359",1655,"fieldfare",
"360",1656,"fieldfare",
"361",1657,"fieldfare",
"362",1658,"fieldfare",
"363",1659,"fieldfare",0
"364",1660,"fieldfare",
"365",1661,"fieldfare",
"366",1662,"fieldfare",
"367",1663,"fieldfare",1423
"368",1664,"fieldfare",762
"369",1665,"fieldfare",
"370",1666,"fieldfare",
"371",1667,"fieldfare",
"372",1668,"fieldfare",2
"373",1669,"fieldfare",
"374",1670,"fieldfare",
"375",1671,"fieldfare",
"376",1672,"fieldfare",
"377",1673,"fieldfare",
"378",1674,"fieldfare",
"379",1675,"fieldfare",
"380",1676,"fieldfare",
"381",1677,"fieldfare",
"382",1678,"fieldfare",
"383",1679,"fieldfare",20
"384",1680,"fieldfare",
"385",1681,"fieldfare",40
"386",1682,"fieldfare",
"387",1683,"fieldfare",
"388",1684,"fieldfare",
"389",1685,"fieldfare",
"390",1686,"fieldfare",
"391",1687,"fieldfare",
"392",1688,"fieldfare",
"393",1640,"finch",
"394",1641,"finch",
"395",1642,"finch",
"396",1643,"finch",
"397",1644,"finch",
"398",1645,"finch",
"399",1646,"finch",
"400",1647,"finch",
"401",1648,"finch",
"402",1649,"finch",
"403",1650,"finch",
"404",1651,"finch",
"405",1652,"finch",
"406",1653,"finch",
"407",1654,"finch",
"408",1655,"finch",
"409",1656,"finch",
"410",1657,"finch",
"411",1658,"finch",
"412",1659,"finch",0
"413",1660,"finch",
"414",1661,"finch",
"415",1662,"finch",
"416",1663,"finch",
"417",1664,"finch",
"418",1665,"finch",
"419",1666,"finch",
"420",1667,"finch",
"421",1668,"finch",
"422",1669,"finch",
"423",1670,"finch",
"424",1671,"finch",
"425",1672,"finch",
"426",1673,"finch",
"427",1674,"finch",
"428",1675,"finch",
"429",1676,"finch",
"430",1677,"finch",
"431",1678,"finch",
"432",1679,"finch",
"433",1680,"finch",
"434",1681,"finch",
"435",1682,"finch",
"436",1683,"finch",
"437",1684,"finch",
"438",1685,"finch",
"439",1686,"finch",
"440",1687,"finch",
"441",1688,"finch",
"442",1640,"geese",
"443",1641,"geese",1165
"444",1642,"geese",
"445",1643,"geese",
"446",1644,"geese",580
"447",1645,"geese",882
"448",1646,"geese",2876
"449",1647,"geese",
"450",1648,"geese",
"451",1649,"geese",
"452",1650,"geese",
"453",1651,"geese",
"454",1652,"geese",
"455",1653,"geese",
"456",1654,"geese",
"457",1655,"geese",
"458",1656,"geese",
"459",1657,"geese",
"460",1658,"geese",
"461",1659,"geese",23
"462",1660,"geese",
"463",1661,"geese",
"464",1662,"geese",42
"465",1663,"geese",1730
"466",1664,"geese",654
"467",1665,"geese",83
"468",1666,"geese",
"469",1667,"geese",
"470",1668,"geese",12
"471",1669,"geese",
"472",1670,"geese",41
"473",1671,"geese",6
"474",1672,"geese",
"475",1673,"geese",7
"476",1674,"geese",
"477",1675,"geese",
"478",1676,"geese",
"479",1677,"geese",
"480",1678,"geese",
"481",1679,"geese",128
"482",1680,"geese",
"483",1681,"geese",159
"484",1682,"geese",
"485",1683,"geese",
"486",1684,"geese",
"487",1685,"geese",
"488",1686,"geese",
"489",1687,"geese",4
"490",1688,"geese",
"491",1640,"gray.partridge",
"492",1641,"gray.partridge",52
"493",1642,"gray.partridge",
"494",1643,"gray.partridge",
"495",1644,"gray.partridge",58
"496",1645,"gray.partridge",123
"497",1646,"gray.partridge",516
"498",1647,"gray.partridge",
"499",1648,"gray.partridge",
"500",1649,"gray.partridge",
"501",1650,"gray.partridge",
"502",1651,"gray.partridge",
"503",1652,"gray.partridge",
"504",1653,"gray.partridge",
"505",1654,"gray.partridge",
"506",1655,"gray.partridge",
"507",1656,"gray.partridge",
"508",1657,"gray.partridge",
"509",1658,"gray.partridge",
"510",1659,"gray.partridge",0
"511",1660,"gray.partridge",
"512",1661,"gray.partridge",
"513",1662,"gray.partridge",
"514",1663,"gray.partridge",3639
"515",1664,"gray.partridge",62
"516",1665,"gray.partridge",
"517",1666,"gray.partridge",
"518",1667,"gray.partridge",
"519",1668,"gray.partridge",
"520",1669,"gray.partridge",
"521",1670,"gray.partridge",10
"522",1671,"gray.partridge",
"523",1672,"gray.partridge",
"524",1673,"gray.partridge",
"525",1674,"gray.partridge",
"526",1675,"gray.partridge",
"527",1676,"gray.partridge",
"528",1677,"gray.partridge",
"529",1678,"gray.partridge",
"530",1679,"gray.partridge",132
"531",1680,"gray.partridge",
"532",1681,"gray.partridge",
"533",1682,"gray.partridge",
"534",1683,"gray.partridge",
"535",1684,"gray.partridge",
"536",1685,"gray.partridge",
"537",1686,"gray.partridge",
"538",1687,"gray.partridge",
"539",1688,"gray.partridge",
"540",1640,"hazel.grouse",
"541",1641,"hazel.grouse",595
"542",1642,"hazel.grouse",
"543",1643,"hazel.grouse",
"544",1644,"hazel.grouse",177
"545",1645,"hazel.grouse",485
"546",1646,"hazel.grouse",1057
"547",1647,"hazel.grouse",
"548",1648,"hazel.grouse",
"549",1649,"hazel.grouse",
"550",1650,"hazel.grouse",
"551",1651,"hazel.grouse",
"552",1652,"hazel.grouse",
"553",1653,"hazel.grouse",
"554",1654,"hazel.grouse",
"555",1655,"hazel.grouse",
"556",1656,"hazel.grouse",
"557",1657,"hazel.grouse",
"558",1658,"hazel.grouse",
"559",1659,"hazel.grouse",0
"560",1660,"hazel.grouse",
"561",1661,"hazel.grouse",
"562",1662,"hazel.grouse",
"563",1663,"hazel.grouse",1696
"564",1664,"hazel.grouse",487
"565",1665,"hazel.grouse",4
"566",1666,"hazel.grouse",
"567",1667,"hazel.grouse",
"568",1668,"hazel.grouse",
"569",1669,"hazel.grouse",
"570",1670,"hazel.grouse",9
"571",1671,"hazel.grouse",2
"572",1672,"hazel.grouse",
"573",1673,"hazel.grouse",
"574",1674,"hazel.grouse",
"575",1675,"hazel.grouse",
"576",1676,"hazel.grouse",
"577",1677,"hazel.grouse",
"578",1678,"hazel.grouse",
"579",1679,"hazel.grouse",21
"580",1680,"hazel.grouse",
"581",1681,"hazel.grouse",
"582",1682,"hazel.grouse",
"583",1683,"hazel.grouse",
"584",1684,"hazel.grouse",
"585",1685,"hazel.grouse",
"586",1686,"hazel.grouse",
"587",1687,"hazel.grouse",
"588",1688,"hazel.grouse",
"589",1640,"hens",
"590",1641,"hens",5596
"591",1642,"hens",
"592",1643,"hens",
"593",1644,"hens",3253
"594",1645,"hens",6603
"595",1646,"hens",5619
"596",1647,"hens",
"597",1648,"hens",
"598",1649,"hens",
"599",1650,"hens",
"600",1651,"hens",
"601",1652,"hens",
"602",1653,"hens",
"603",1654,"hens",
"604",1655,"hens",
"605",1656,"hens",
"606",1657,"hens",
"607",1658,"hens",
"608",1659,"hens",89
"609",1660,"hens",
"610",1661,"hens",
"611",1662,"hens",122
"612",1663,"hens",14760
"613",1664,"hens",4210
"614",1665,"hens",231
"615",1666,"hens",
"616",1667,"hens",
"617",1668,"hens",62
"618",1669,"hens",
"619",1670,"hens",342
"620",1671,"hens",66
"621",1672,"hens",
"622",1673,"hens",28
"623",1674,"hens",
"624",1675,"hens",
"625",1676,"hens",
"626",1677,"hens",
"627",1678,"hens",
"628",1679,"hens",343
"629",1680,"hens",
"630",1681,"hens",1326
"631",1682,"hens",58
"632",1683,"hens",
"633",1684,"hens",
"634",1685,"hens",
"635",1686,"hens",
"636",1687,"hens",58
"637",1688,"hens",
"638",1640,"lark",
"639",1641,"lark",2679
"640",1642,"lark",
"641",1643,"lark",
"642",1644,"lark",1232
"643",1645,"lark",3229
"644",1646,"lark",60
"645",1647,"lark",
"646",1648,"lark",
"647",1649,"lark",
"648",1650,"lark",
"649",1651,"lark",
"650",1652,"lark",
"651",1653,"lark",
"652",1654,"lark",
"653",1655,"lark",
"654",1656,"lark",
"655",1657,"lark",
"656",1658,"lark",
"657",1659,"lark",0
"658",1660,"lark",
"659",1661,"lark",
"660",1662,"lark",
"661",1663,"lark",
"662",1664,"lark",
"663",1665,"lark",
"664",1666,"lark",
"665",1667,"lark",
"666",1668,"lark",24
"667",1669,"lark",
"668",1670,"lark",190
"669",1671,"lark",
"670",1672,"lark",
"671",1673,"lark",
"672",1674,"lark",
"673",1675,"lark",
"674",1676,"lark",
"675",1677,"lark",
"676",1678,"lark",
"677",1679,"lark",
"678",1680,"lark",
"679",1681,"lark",
"680",1682,"lark",
"681",1683,"lark",
"682",1684,"lark",
"683",1685,"lark",
"684",1686,"lark",
"685",1687,"lark",
"686",1688,"lark",
"687",1640,"quail",
"688",1641,"quail",3
"689",1642,"quail",
"690",1643,"quail",
"691",1644,"quail",649
"692",1645,"quail",1
"693",1646,"quail",
"694",1647,"quail",
"695",1648,"quail",
"696",1649,"quail",
"697",1650,"quail",
"698",1651,"quail",
"699",1652,"quail",
"700",1653,"quail",
"701",1654,"quail",
"702",1655,"quail",
"703",1656,"quail",
"704",1657,"quail",
"705",1658,"quail",
"706",1659,"quail",0
"707",1660,"quail",
"708",1661,"quail",
"709",1662,"quail",
"710",1663,"quail",26
"711",1664,"quail",13
"712",1665,"quail",
"713",1666,"quail",
"714",1667,"quail",
"715",1668,"quail",
"716",1669,"quail",
"717",1670,"quail",
"718",1671,"quail",
"719",1672,"quail",
"720",1673,"quail",
"721",1674,"quail",
"722",1675,"quail",
"723",1676,"quail",
"724",1677,"quail",
"725",1678,"quail",
"726",1679,"quail",
"727",1680,"quail",
"728",1681,"quail",
"729",1682,"quail",
"730",1683,"quail",
"731",1684,"quail",
"732",1685,"quail",
"733",1686,"quail",
"734",1687,"quail",
"735",1688,"quail",
"736",1640,"sandpipers",
"737",1641,"sandpipers",167
"738",1642,"sandpipers",
"739",1643,"sandpipers",
"740",1644,"sandpipers",125
"741",1645,"sandpipers",256
"742",1646,"sandpipers",25
"743",1647,"sandpipers",
"744",1648,"sandpipers",
"745",1649,"sandpipers",
"746",1650,"sandpipers",
"747",1651,"sandpipers",
"748",1652,"sandpipers",
"749",1653,"sandpipers",
"750",1654,"sandpipers",
"751",1655,"sandpipers",
"752",1656,"sandpipers",
"753",1657,"sandpipers",
"754",1658,"sandpipers",
"755",1659,"sandpipers",0
"756",1660,"sandpipers",
"757",1661,"sandpipers",
"758",1662,"sandpipers",
"759",1663,"sandpipers",311
"760",1664,"sandpipers",
"761",1665,"sandpipers",
"762",1666,"sandpipers",
"763",1667,"sandpipers",
"764",1668,"sandpipers",6
"765",1669,"sandpipers",
"766",1670,"sandpipers",41
"767",1671,"sandpipers",
"768",1672,"sandpipers",
"769",1673,"sandpipers",
"770",1674,"sandpipers",
"771",1675,"sandpipers",
"772",1676,"sandpipers",
"773",1677,"sandpipers",
"774",1678,"sandpipers",
"775",1679,"sandpipers",
"776",1680,"sandpipers",
"777",1681,"sandpipers",
"778",1682,"sandpipers",
"779",1683,"sandpipers",
"780",1684,"sandpipers",
"781",1685,"sandpipers",
"782",1686,"sandpipers",
"783",1687,"sandpipers",
"784",1688,"sandpipers",
"785",1640,"small.birds",
"786",1641,"small.birds",649
"787",1642,"small.birds",
"788",1643,"small.birds",
"789",1644,"small.birds",50
"790",1645,"small.birds",296
"791",1646,"small.birds",391
"792",1647,"small.birds",
"793",1648,"small.birds",
"794",1649,"small.birds",
"795",1650,"small.birds",
"796",1651,"small.birds",
"797",1652,"small.birds",
"798",1653,"small.birds",
"799",1654,"small.birds",
"800",1655,"small.birds",
"801",1656,"small.birds",
"802",1657,"small.birds",
"803",1658,"small.birds",
"804",1659,"small.birds",0
"805",1660,"small.birds",
"806",1661,"small.birds",
"807",1662,"small.birds",
"808",1663,"small.birds",118
"809",1664,"small.birds",
"810",1665,"small.birds",
"811",1666,"small.birds",
"812",1667,"small.birds",
"813",1668,"small.birds",0
"814",1669,"small.birds",
"815",1670,"small.birds",426
"816",1671,"small.birds",
"817",1672,"small.birds",
"818",1673,"small.birds",
"819",1674,"small.birds",
"820",1675,"small.birds",
"821",1676,"small.birds",
"822",1677,"small.birds",
"823",1678,"small.birds",
"824",1679,"small.birds",135
"825",1680,"small.birds",
"826",1681,"small.birds",
"827",1682,"small.birds",
"828",1683,"small.birds",
"829",1684,"small.birds",
"830",1685,"small.birds",
"831",1686,"small.birds",
"832",1687,"small.birds",
"833",1688,"small.birds",
"834",1640,"snow.bunting",
"835",1641,"snow.bunting",
"836",1642,"snow.bunting",
"837",1643,"snow.bunting",
"838",1644,"snow.bunting",
"839",1645,"snow.bunting",
"840",1646,"snow.bunting",
"841",1647,"snow.bunting",
"842",1648,"snow.bunting",
"843",1649,"snow.bunting",
"844",1650,"snow.bunting",
"845",1651,"snow.bunting",
"846",1652,"snow.bunting",
"847",1653,"snow.bunting",
"848",1654,"snow.bunting",
"849",1655,"snow.bunting",
"850",1656,"snow.bunting",
"851",1657,"snow.bunting",
"852",1658,"snow.bunting",
"853",1659,"snow.bunting",
"854",1660,"snow.bunting",
"855",1661,"snow.bunting",
"856",1662,"snow.bunting",
"857",1663,"snow.bunting",
"858",1664,"snow.bunting",
"859",1665,"snow.bunting",
"860",1666,"snow.bunting",
"861",1667,"snow.bunting",
"862",1668,"snow.bunting",
"863",1669,"snow.bunting",
"864",1670,"snow.bunting",
"865",1671,"snow.bunting",
"866",1672,"snow.bunting",
"867",1673,"snow.bunting",
"868",1674,"snow.bunting",
"869",1675,"snow.bunting",
"870",1676,"snow.bunting",
"871",1677,"snow.bunting",
"872",1678,"snow.bunting",
"873",1679,"snow.bunting",
"874",1680,"snow.bunting",
"875",1681,"snow.bunting",
"876",1682,"snow.bunting",
"877",1683,"snow.bunting",
"878",1684,"snow.bunting",
"879",1685,"snow.bunting",
"880",1686,"snow.bunting",
"881",1687,"snow.bunting",
"882",1688,"snow.bunting",
"883",1640,"Starling",
"884",1641,"Starling",107
"885",1642,"Starling",
"886",1643,"Starling",
"887",1644,"Starling",24
"888",1645,"Starling",19
"889",1646,"Starling",
"890",1647,"Starling",
"891",1648,"Starling",
"892",1649,"Starling",
"893",1650,"Starling",
"894",1651,"Starling",
"895",1652,"Starling",
"896",1653,"Starling",
"897",1654,"Starling",
"898",1655,"Starling",
"899",1656,"Starling",
"900",1657,"Starling",
"901",1658,"Starling",
"902",1659,"Starling",
"903",1660,"Starling",
"904",1661,"Starling",
"905",1662,"Starling",
"906",1663,"Starling",
"907",1664,"Starling",
"908",1665,"Starling",
"909",1666,"Starling",
"910",1667,"Starling",
"911",1668,"Starling",6
"912",1669,"Starling",
"913",1670,"Starling",
"914",1671,"Starling",
"915",1672,"Starling",
"916",1673,"Starling",
"917",1674,"Starling",
"918",1675,"Starling",
"919",1676,"Starling",
"920",1677,"Starling",
"921",1678,"Starling",
"922",1679,"Starling",
"923",1680,"Starling",
"924",1681,"Starling",
"925",1682,"Starling",
"926",1683,"Starling",
"927",1684,"Starling",
"928",1685,"Starling",
"929",1686,"Starling",
"930",1687,"Starling",
"931",1688,"Starling",
"932",1640,"swans",
"933",1641,"swans",
"934",1642,"swans",
"935",1643,"swans",
"936",1644,"swans",
"937",1645,"swans",
"938",1646,"swans",
"939",1647,"swans",
"940",1648,"swans",
"941",1649,"swans",
"942",1650,"swans",
"943",1651,"swans",
"944",1652,"swans",
"945",1653,"swans",
"946",1654,"swans",
"947",1655,"swans",
"948",1656,"swans",
"949",1657,"swans",
"950",1658,"swans",
"951",1659,"swans",0
"952",1660,"swans",
"953",1661,"swans",
"954",1662,"swans",
"955",1663,"swans",
"956",1664,"swans",
"957",1665,"swans",
"958",1666,"swans",
"959",1667,"swans",
"960",1668,"swans",
"961",1669,"swans",
"962",1670,"swans",
"963",1671,"swans",
"964",1672,"swans",
"965",1673,"swans",
"966",1674,"swans",
"967",1675,"swans",
"968",1676,"swans",
"969",1677,"swans",
"970",1678,"swans",
"971",1679,"swans",
"972",1680,"swans",
"973",1681,"swans",
"974",1682,"swans",
"975",1683,"swans",
"976",1684,"swans",
"977",1685,"swans",
"978",1686,"swans",
"979",1687,"swans",
"980",1688,"swans",
"981",1640,"thrush",
"982",1641,"thrush",1680
"983",1642,"thrush",
"984",1643,"thrush",
"985",1644,"thrush",116
"986",1645,"thrush",345
"987",1646,"thrush",2351
"988",1647,"thrush",
"989",1648,"thrush",
"990",1649,"thrush",
"991",1650,"thrush",
"992",1651,"thrush",
"993",1652,"thrush",
"994",1653,"thrush",
"995",1654,"thrush",
"996",1655,"thrush",
"997",1656,"thrush",
"998",1657,"thrush",
"999",1658,"thrush",
"1000",1659,"thrush",12
"1001",1660,"thrush",
"1002",1661,"thrush",
"1003",1662,"thrush",
"1004",1663,"thrush",18
"1005",1664,"thrush",2068
"1006",1665,"thrush",
"1007",1666,"thrush",
"1008",1667,"thrush",
"1009",1668,"thrush",
"1010",1669,"thrush",
"1011",1670,"thrush",46
"1012",1671,"thrush",
"1013",1672,"thrush",
"1014",1673,"thrush",
"1015",1674,"thrush",
"1016",1675,"thrush",
"1017",1676,"thrush",
"1018",1677,"thrush",
"1019",1678,"thrush",
"1020",1679,"thrush",
"1021",1680,"thrush",
"1022",1681,"thrush",
"1023",1682,"thrush",
"1024",1683,"thrush",
"1025",1684,"thrush",
"1026",1685,"thrush",
"1027",1686,"thrush",
"1028",1687,"thrush",
"1029",1688,"thrush",
"1030",1640,"type.of.sparrow...skylarks",
"1031",1641,"type.of.sparrow...skylarks",
"1032",1642,"type.of.sparrow...skylarks",
"1033",1643,"type.of.sparrow...skylarks",
"1034",1644,"type.of.sparrow...skylarks",
"1035",1645,"type.of.sparrow...skylarks",
"1036",1646,"type.of.sparrow...skylarks",
"1037",1647,"type.of.sparrow...skylarks",
"1038",1648,"type.of.sparrow...skylarks",
"1039",1649,"type.of.sparrow...skylarks",
"1040",1650,"type.of.sparrow...skylarks",
"1041",1651,"type.of.sparrow...skylarks",
"1042",1652,"type.of.sparrow...skylarks",
"1043",1653,"type.of.sparrow...skylarks",
"1044",1654,"type.of.sparrow...skylarks",
"1045",1655,"type.of.sparrow...skylarks",
"1046",1656,"type.of.sparrow...skylarks",
"1047",1657,"type.of.sparrow...skylarks",
"1048",1658,"type.of.sparrow...skylarks",
"1049",1659,"type.of.sparrow...skylarks",
"1050",1660,"type.of.sparrow...skylarks",
"1051",1661,"type.of.sparrow...skylarks",
"1052",1662,"type.of.sparrow...skylarks",
"1053",1663,"type.of.sparrow...skylarks",280
"1054",1664,"type.of.sparrow...skylarks",
"1055",1665,"type.of.sparrow...skylarks",
"1056",1666,"type.of.sparrow...skylarks",
"1057",1667,"type.of.sparrow...skylarks",
"1058",1668,"type.of.sparrow...skylarks",
"1059",1669,"type.of.sparrow...skylarks",
"1060",1670,"type.of.sparrow...skylarks",
"1061",1671,"type.of.sparrow...skylarks",
"1062",1672,"type.of.sparrow...skylarks",
"1063",1673,"type.of.sparrow...skylarks",
"1064",1674,"type.of.sparrow...skylarks",
"1065",1675,"type.of.sparrow...skylarks",
"1066",1676,"type.of.sparrow...skylarks",
"1067",1677,"type.of.sparrow...skylarks",
"1068",1678,"type.of.sparrow...skylarks",
"1069",1679,"type.of.sparrow...skylarks",
"1070",1680,"type.of.sparrow...skylarks",
"1071",1681,"type.of.sparrow...skylarks",
"1072",1682,"type.of.sparrow...skylarks",
"1073",1683,"type.of.sparrow...skylarks",
"1074",1684,"type.of.sparrow...skylarks",
"1075",1685,"type.of.sparrow...skylarks",
"1076",1686,"type.of.sparrow...skylarks",
"1077",1687,"type.of.sparrow...skylarks",
"1078",1688,"type.of.sparrow...skylarks",
"1079",1640,"waxwing",
"1080",1641,"waxwing",343
"1081",1642,"waxwing",
"1082",1643,"waxwing",
"1083",1644,"waxwing",
"1084",1645,"waxwing",580
"1085",1646,"waxwing",186
"1086",1647,"waxwing",
"1087",1648,"waxwing",
"1088",1649,"waxwing",
"1089",1650,"waxwing",
"1090",1651,"waxwing",
"1091",1652,"waxwing",
"1092",1653,"waxwing",
"1093",1654,"waxwing",
"1094",1655,"waxwing",
"1095",1656,"waxwing",
"1096",1657,"waxwing",
"1097",1658,"waxwing",
"1098",1659,"waxwing",
"1099",1660,"waxwing",
"1100",1661,"waxwing",
"1101",1662,"waxwing",15
"1102",1663,"waxwing",2076
"1103",1664,"waxwing",
"1104",1665,"waxwing",
"1105",1666,"waxwing",
"1106",1667,"waxwing",
"1107",1668,"waxwing",
"1108",1669,"waxwing",
"1109",1670,"waxwing",
"1110",1671,"waxwing",
"1111",1672,"waxwing",
"1112",1673,"waxwing",
"1113",1674,"waxwing",
"1114",1675,"waxwing",
"1115",1676,"waxwing",
"1116",1677,"waxwing",
"1117",1678,"waxwing",
"1118",1679,"waxwing",130
"1119",1680,"waxwing",
"1120",1681,"waxwing",240
"1121",1682,"waxwing",
"1122",1683,"waxwing",
"1123",1684,"waxwing",
"1124",1685,"waxwing",
"1125",1686,"waxwing",
"1126",1687,"waxwing",
"1127",1688,"waxwing",
"1128",1640,"wild.and.domestic.doves",
"1129",1641,"wild.and.domestic.doves",121
"1130",1642,"wild.and.domestic.doves",
"1131",1643,"wild.and.domestic.doves",
"1132",1644,"wild.and.domestic.doves",263
"1133",1645,"wild.and.domestic.doves",
"1134",1646,"wild.and.domestic.doves",385
"1135",1647,"wild.and.domestic.doves",
"1136",1648,"wild.and.domestic.doves",
"1137",1649,"wild.and.domestic.doves",
"1138",1650,"wild.and.domestic.doves",
"1139",1651,"wild.and.domestic.doves",
"1140",1652,"wild.and.domestic.doves",
"1141",1653,"wild.and.domestic.doves",
"1142",1654,"wild.and.domestic.doves",
"1143",1655,"wild.and.domestic.doves",
"1144",1656,"wild.and.domestic.doves",
"1145",1657,"wild.and.domestic.doves",
"1146",1658,"wild.and.domestic.doves",
"1147",1659,"wild.and.domestic.doves",2
"1148",1660,"wild.and.domestic.doves",
"1149",1661,"wild.and.domestic.doves",
"1150",1662,"wild.and.domestic.doves",
"1151",1663,"wild.and.domestic.doves",
"1152",1664,"wild.and.domestic.doves",243
"1153",1665,"wild.and.domestic.doves",10
"1154",1666,"wild.and.domestic.doves",
"1155",1667,"wild.and.domestic.doves",
"1156",1668,"wild.and.domestic.doves",50
"1157",1669,"wild.and.domestic.doves",
"1158",1670,"wild.and.domestic.doves",80
"1159",1671,"wild.and.domestic.doves",12
"1160",1672,"wild.and.domestic.doves",
"1161",1673,"wild.and.domestic.doves",
"1162",1674,"wild.and.domestic.doves",
"1163",1675,"wild.and.domestic.doves",
"1164",1676,"wild.and.domestic.doves",
"1165",1677,"wild.and.domestic.doves",
"1166",1678,"wild.and.domestic.doves",
"1167",1679,"wild.and.domestic.doves",
"1168",1680,"wild.and.domestic.doves",
"1169",1681,"wild.and.domestic.doves",
"1170",1682,"wild.and.domestic.doves",13
"1171",1683,"wild.and.domestic.doves",
"1172",1684,"wild.and.domestic.doves",
"1173",1685,"wild.and.domestic.doves",
"1174",1686,"wild.and.domestic.doves",
"1175",1687,"wild.and.domestic.doves",
"1176",1688,"wild.and.domestic.doves",
"1177",1640,"wild.and.domestic.ducks",
"1178",1641,"wild.and.domestic.ducks",742
"1179",1642,"wild.and.domestic.ducks",
"1180",1643,"wild.and.domestic.ducks",
"1181",1644,"wild.and.domestic.ducks",304
"1182",1645,"wild.and.domestic.ducks",982
"1183",1646,"wild.and.domestic.ducks",490
"1184",1647,"wild.and.domestic.ducks",
"1185",1648,"wild.and.domestic.ducks",
"1186",1649,"wild.and.domestic.ducks",
"1187",1650,"wild.and.domestic.ducks",
"1188",1651,"wild.and.domestic.ducks",
"1189",1652,"wild.and.domestic.ducks",
"1190",1653,"wild.and.domestic.ducks",
"1191",1654,"wild.and.domestic.ducks",
"1192",1655,"wild.and.domestic.ducks",
"1193",1656,"wild.and.domestic.ducks",
"1194",1657,"wild.and.domestic.ducks",
"1195",1658,"wild.and.domestic.ducks",
"1196",1659,"wild.and.domestic.ducks",0
"1197",1660,"wild.and.domestic.ducks",
"1198",1661,"wild.and.domestic.ducks",
"1199",1662,"wild.and.domestic.ducks",
"1200",1663,"wild.and.domestic.ducks",4617
"1201",1664,"wild.and.domestic.ducks",759
"1202",1665,"wild.and.domestic.ducks",
"1203",1666,"wild.and.domestic.ducks",
"1204",1667,"wild.and.domestic.ducks",
"1205",1668,"wild.and.domestic.ducks",41
"1206",1669,"wild.and.domestic.ducks",
"1207",1670,"wild.and.domestic.ducks",78
"1208",1671,"wild.and.domestic.ducks",4
"1209",1672,"wild.and.domestic.ducks",
"1210",1673,"wild.and.domestic.ducks",
"1211",1674,"wild.and.domestic.ducks",
"1212",1675,"wild.and.domestic.ducks",
"1213",1676,"wild.and.domestic.ducks",
"1214",1677,"wild.and.domestic.ducks",
"1215",1678,"wild.and.domestic.ducks",
"1216",1679,"wild.and.domestic.ducks",10
"1217",1680,"wild.and.domestic.ducks",
"1218",1681,"wild.and.domestic.ducks",56
"1219",1682,"wild.and.domestic.ducks",
"1220",1683,"wild.and.domestic.ducks",
"1221",1684,"wild.and.domestic.ducks",
"1222",1685,"wild.and.domestic.ducks",
"1223",1686,"wild.and.domestic.ducks",
"1224",1687,"wild.and.domestic.ducks",12
"1225",1688,"wild.and.domestic.ducks",
"1226",1640,"wild.geese",
"1227",1641,"wild.geese",20
"1228",1642,"wild.geese",
"1229",1643,"wild.geese",
"1230",1644,"wild.geese",12
"1231",1645,"wild.geese",41
"1232",1646,"wild.geese",25
"1233",1647,"wild.geese",
"1234",1648,"wild.geese",
"1235",1649,"wild.geese",
"1236",1650,"wild.geese",
"1237",1651,"wild.geese",
"1238",1652,"wild.geese",
"1239",1653,"wild.geese",
"1240",1654,"wild.geese",
"1241",1655,"wild.geese",
"1242",1656,"wild.geese",
"1243",1657,"wild.geese",
"1244",1658,"wild.geese",
"1245",1659,"wild.geese",0
"1246",1660,"wild.geese",
"1247",1661,"wild.geese",
"1248",1662,"wild.geese",
"1249",1663,"wild.geese",47
"1250",1664,"wild.geese",19
"1251",1665,"wild.geese",
"1252",1666,"wild.geese",
"1253",1667,"wild.geese",
"1254",1668,"wild.geese",
"1255",1669,"wild.geese",
"1256",1670,"wild.geese",
"1257",1671,"wild.geese",
"1258",1672,"wild.geese",
"1259",1673,"wild.geese",
"1260",1674,"wild.geese",
"1261",1675,"wild.geese",
"1262",1676,"wild.geese",
"1263",1677,"wild.geese",
"1264",1678,"wild.geese",
"1265",1679,"wild.geese",
"1266",1680,"wild.geese",
"1267",1681,"wild.geese",
"1268",1682,"wild.geese",
"1269",1683,"wild.geese",
"1270",1684,"wild.geese",
"1271",1685,"wild.geese",
"1272",1686,"wild.geese",
"1273",1687,"wild.geese",
"1274",1688,"wild.geese",
"1275",1640,"wild.turkey",
"1276",1641,"wild.turkey",196
"1277",1642,"wild.turkey",
"1278",1643,"wild.turkey",
"1279",1644,"wild.turkey",133
"1280",1645,"wild.turkey",168
"1281",1646,"wild.turkey",358
"1282",1647,"wild.turkey",
"1283",1648,"wild.turkey",
"1284",1649,"wild.turkey",
"1285",1650,"wild.turkey",
"1286",1651,"wild.turkey",
"1287",1652,"wild.turkey",
"1288",1653,"wild.turkey",
"1289",1654,"wild.turkey",
"1290",1655,"wild.turkey",
"1291",1656,"wild.turkey",
"1292",1657,"wild.turkey",
"1293",1658,"wild.turkey",
"1294",1659,"wild.turkey",0
"1295",1660,"wild.turkey",
"1296",1661,"wild.turkey",
"1297",1662,"wild.turkey",3
"1298",1663,"wild.turkey",79
"1299",1664,"wild.turkey",293
"1300",1665,"wild.turkey",7
"1301",1666,"wild.turkey",
"1302",1667,"wild.turkey",
"1303",1668,"wild.turkey",6
"1304",1669,"wild.turkey",
"1305",1670,"wild.turkey",21
"1306",1671,"wild.turkey",5
"1307",1672,"wild.turkey",
"1308",1673,"wild.turkey",
"1309",1674,"wild.turkey",
"1310",1675,"wild.turkey",
"1311",1676,"wild.turkey",
"1312",1677,"wild.turkey",
"1313",1678,"wild.turkey",
"1314",1679,"wild.turkey",77
"1315",1680,"wild.turkey",
"1316",1681,"wild.turkey",136
"1317",1682,"wild.turkey",
"1318",1683,"wild.turkey",
"1319",1684,"wild.turkey",
"1320",1685,"wild.turkey",
"1321",1686,"wild.turkey",
"1322",1687,"wild.turkey",
"1323",1688,"wild.turkey",
"1324",1640,"yellow.hammer",
"1325",1641,"yellow.hammer",2092
"1326",1642,"yellow.hammer",
"1327",1643,"yellow.hammer",
"1328",1644,"yellow.hammer",
"1329",1645,"yellow.hammer",2685
"1330",1646,"yellow.hammer",4453
"1331",1647,"yellow.hammer",
"1332",1648,"yellow.hammer",
"1333",1649,"yellow.hammer",
"1334",1650,"yellow.hammer",
"1335",1651,"yellow.hammer",
"1336",1652,"yellow.hammer",
"1337",1653,"yellow.hammer",
"1338",1654,"yellow.hammer",
"1339",1655,"yellow.hammer",
"1340",1656,"yellow.hammer",
"1341",1657,"yellow.hammer",
"1342",1658,"yellow.hammer",
"1343",1659,"yellow.hammer",0
"1344",1660,"yellow.hammer",
"1345",1661,"yellow.hammer",
"1346",1662,"yellow.hammer",
"1347",1663,"yellow.hammer",7109
"1348",1664,"yellow.hammer",2491
"1349",1665,"yellow.hammer",
"1350",1666,"yellow.hammer",
"1351",1667,"yellow.hammer",
"1352",1668,"yellow.hammer",
"1353",1669,"yellow.hammer",
"1354",1670,"yellow.hammer",
"1355",1671,"yellow.hammer",
"1356",1672,"yellow.hammer",
"1357",1673,"yellow.hammer",
"1358",1674,"yellow.hammer",
"1359",1675,"yellow.hammer",
"1360",1676,"yellow.hammer",
"1361",1677,"yellow.hammer",
"1362",1678,"yellow.hammer",
"1363",1679,"yellow.hammer",
"1364",1680,"yellow.hammer",
"1365",1681,"yellow.hammer",
"1366",1682,"yellow.hammer",
"1367",1683,"yellow.hammer",
"1368",1684,"yellow.hammer",
"1369",1685,"yellow.hammer",
"1370",1686,"yellow.hammer",
"1371",1687,"yellow.hammer",
"1372",1688,"yellow.hammer",
