translation,original,notes,category,macrocategory,subcategory,unit of measure,z1641,z1644,z1645,z1646,z1648,z1656,z1657,z1659,z1662,z1663,z1664,z1665,z1668,z1670,z1671,z1672,z1673,z1674,z1675,z1676,z1677,z1678,z1679,z1680,z1681,z1682,z1683,z1684,z1685,z1686,z1687,z1688,mean,max,min,1640,1641,1642,1643,1644,1645,1646,1647,1648,1649,1650,1651,1652,1653,1654,1655,1656,1657,1658,1659,1660,1661,1662,1663,1664,1665,1666,1667,1668,1669,1670,1671,1672,1673,1674,1675,1676,1677,1678,1679,1680,1681,1682,1683,1684,1685,1686,1687,1688
almonds,Mandeln,,Nuts,Flavorings,,Pfund (lb),0.6648770239,-0.09806936102,1.003964306,0.777906118,-0.7479866519,-1.341389396,-0.04155481399,-0.2676130021,,0.5518479298,0.09973155358,,-1.115331208,-0.2958702756,0.8626779385,0.5235906563,2.219027067,-1.341389396,,,,,-1.45441849,,,,,,,,,,52.4375,132,2,,491,,,250.5,571.5,636.75,,27,,,,,,,,188,52,,44,,,,588,414,,,,14,,43,84,72,132,6,,,,,2,,,,,,,,,
apples,Äpfel,,Fruit,Organics,,Thonne,,,,,,,,,,,,,-0.6156904977,,,1.153832192,,,,,,,-0.5381416945,,,,,,,,,,42.22222222,288,1,,,,,,,,,,,,,,,,,,,,,,,,,,,,,480,,,,288,,,,,,,48,,,,,,,,,
Atlantic herring,Strömlinge,,Fish,Fish,,Stück (Piece),,,,,,,,,,,,,,,,,,,,,,,,,,,,,,,,,1.142857143,2,1,,,,,,,0,,,,,,,,,,,,,,,,,,,,,,,,,,,,,,,,,,,,,,,,,,
aurochs,Auern,,Meat,Meat,game,Stück (Piece),,,-0.7071067812,0.7071067812,,,,,,,,,,,,,,,,,,,,,,,,,,,,,4.857142857,26,1,,,,,,0.5,2,,,,,,,,,,,,,,,,,,,,,,,,,,,,,,,,,,,,,,,,,,
bacon,Speck,"Measured in ""sides""",Meat,Meat,pork,Stück (Piece),1.223356948,0.8651556457,1.820359119,1.541758106,-0.9258508664,,,-0.02039757417,-0.8661506493,1.820359119,-0.4084489851,,-0.1298479721,-0.6571998896,-0.8860507217,-0.4283490575,-0.4482491298,,,-0.9557009749,,,0.7855553563,,0.4671541986,-0.9258508664,-0.9457509387,,,,-0.9258508664,,21.8625,71,0.25,,275.87,,,231.87,365.87,476.75,,1,,,,,,,,,,,23.75,,,2.5,546,121.25,,,,19,,7.75,2,13.5,13,,,0.25,,,44,,36,1,0.5,,,,1,
barley groats,Gerstengrüz,,Grain,Grain,,Stof (Solids),-0.3988202152,-0.4538299,-0.5500968485,-0.3025532667,,,,2.814662208,-0.3575629515,-0.3758995131,-0.2888008455,,-0.3483946707,-0.5638492697,,,,,,,,,-0.3575629515,,1.182708224,,,,,,,,123.3333333,740,1,,2,,,149.5,"1,431.50",452,,,,,,,,,,,,,740,,,48,2842,453,,,,9,,3,,,,,,,,,48,,384,,,,,,,
beef,Kühe,,Meat,Meat,Beef,Stück (Piece),1.261141415,0.04504076483,-0.3603261186,1.174277083,,,,-0.9683764438,,1.290096193,-0.3603261186,-1.055240776,-1.026285999,,,,,,,,,,,,,,,,,,,,28.33333333,82,0,,5.25,,,2,14.5,6,,,,,,,,,,,,,3,,,,7,18,0,,,0,,,,,,,,,,,,,,,,,,,,
beer vinegar,Biereßig,,Acid,Flavorings,,Stof (Fluids),1.921610325,0.9670039053,1.403395411,-0.8058365878,-0.8058365878,,,-0.9967578716,,-0.6694642421,-0.2603472053,,0.2033187698,,,-0.6967387113,-0.2603472053,,,,,,,,,,,,,,,,27.45454545,89,0,,8438,,,4352,5518,10848,,7,,,,,,,,,,,0,,,,12053,1920,,,,63.5,,,,11,27,,,,,,,,,,,,,,,
big sheep cheese,Grose Schaaffkese,,Dairy,Dairy,,Stück (Piece),0.1243286565,0.7226603162,-0.8547595137,1.402582657,,,,-1.072334663,,0.7226603162,,,-1.045137769,,,,,,,,,,,,,,,,,,,,29.875,92,0,,22,,,4,10,8,,,,,,,,,,,,,0,,,,5,,,,,0,,,,,,,,,,,,,,,,,,,,
black grouse,Birikhüner,,Meat,Meat,"bird, fowl, wild",Stück (Piece),0.1269081549,1.478755892,-0.5628100783,-0.1765678677,,,,-1.114584665,,1.368400975,0.982158764,,,-1.114584665,-1.059407206,,,,,,,,0.07173069625,,,,,,,,,,33.27272727,95,0,,228,,,74,122,287,,,,,,,,,,,,,0,,,,853,69,,,,,,0,2,,,,,,,,43,,,,,,,,,
boar bacon,Schweinköpffe,,Meat,Meat,"pork, wild",Stück (Piece),1.136221638,,0.5434103484,-0.8002952403,,,,-0.8793367455,,,,,,,,,,,,,,,,,,,,,,,,,5.625,37,0,,25.12,,,,2,0.5,,,,,,,,,,,,,0,,,,,,,,,,,,,,,,,,,,,,,,,,,,,
brandenburg hard cheese,,,Dairy,Dairy,,Stück (Piece),-0.6475842722,-0.6048354427,-0.6411316187,-0.601609116,,,,-0.6725883045,,-0.6524237623,-0.6419382004,,-0.6564566707,,-0.5693458485,3.489373202,2.376290473,0.5856791277,0.2953097203,-0.575798502,0.004940312835,0.004940312835,-0.6241934032,0.1017301153,,0.1017301153,-0.575798502,0.1017301153,0.1017301153,0.1017301153,,0.1985199178,832.875,5160,0,,17195,,,5635,21785,7493,,,,,,,,,,,,,0,,,,15700,2640,,,,1800,,,128,5160,3780,1560,1200,120,840,840,60,960,,960,120,960,960,960,,1080
brined/pickled castrated ram,Pökell Schöpsen,,Meat,Meat,,Stück (Piece),,,,,,,,,,,,,,,,,,,,,,,,,,,,,,,,,9,57,1,,,,,,,,,,,,,,,,,,,,,,,,,40,,,,,,,,,,,,,,,,,,,,,,,,
brined/pickled goose,Pökel Gänße,,Meat,Meat,preserved,Stück (Piece),0.1217662438,,0.9335412022,,,,,-1.055307446,,,,,,,,,,,,,,,,,,,,,,,,,13.125,99,0,,288,,,,7,,,,,,,,,,,,,,0,,,,,,,,,,,,,,,,,,,,,,,,,,,,,
brined/pickled lamb,Pökel Lämmer,,Meat,Meat,other,Stück (Piece),0.7227940641,0.4184597213,,,,,,-1.141253785,,,,,,,,,,,,,,,,,,,,,,,,,11.125,83,0,,7,,,55.5,,,,,,,,,,,,,,,0,,,,,,,,,,,,,,,,,,,,,,,,,,,,,
brined/pickled sheep,Pökel Schaaffe,,Meat,Meat,other,Stück (Piece),-0.4462659072,0.3506374985,-0.4993928009,1.572556054,,,,-0.9775348444,,,,,,,,,,,,,,,,,,,,,,,,,11.125,49,0,,11,,,143,10.25,38,,,,,,,,,,,,,0,,,,,,,,,,,,,,,,,,,,,,,,,,,,,
buckwheat groats,Buchgrutz/Buchweitzen Grütze,,Grain,Grain,,Stof (Solids),-0.0207061491,0.2539227759,0.5808619722,-0.661506974,,,,-0.7138172454,,-0.6353518383,-0.4914985919,,-0.7007396776,-0.6745845419,-0.6745845419,,,,,,,,1.313205772,,2.42479904,,,,,,,,50.75,240,0,,261.5,,,455.5,753,"1,470.50",,,,,,,,,,,,,0,,,,1061,144,,,,0,,3,3,,,,,,,,155,,240,,,,,,,
burpot,Quappen,,Fish,Fish,,Stück (Piece),0.9198530757,,,0.8100198726,,,,-0.8923947749,,,,,-0.8374781734,,,,,,,,,,,,,,,,,,,,4.875,32,0,,1798,,,,,240,,,,,,,,,,,,,0,,,,,,,,,0,,,,,,,,,,,,,,,,,,,,
bustard,Trappen,,Meat,Meat,"bird, wild",Stück (Piece),,,,0.6946287116,,,,-1.146137374,,0.4515086626,,,,,,,,,,,,,,,,,,,,,,,13.25,54,0,,,,,,,4,,,,,,,,,,,,,0,,,,3,,,,,,,,,,,,,,,,,,,,,,,,,
butter,Putter,,Dairy,Dairy,,Stof (Fluids),-0.3559539521,-0.4006221981,-0.3606558727,-0.3712351942,-0.2536871783,,,,0.3552115436,-0.4417640037,-0.3782880751,,-0.4464659243,-0.0497413709,-0.444114964,0.113062631,-0.1549468451,,-0.4229563211,,,,0.8465622497,,3.89340682,-0.3947447973,,,,,-0.3947447973,-0.3383217497,402.6578947,3720,1,,"8,619.50",,,"4,828.50",7978,"8,099.50",,192,,,,,,,,,,,,,,710,19020,9320,,,,340.5,,365.5,30,504,276,,48,,,,1128,,3720,72,,,,,72,120
calf trunk,calf trunk,,Meat,Meat,Beef,Stück (Piece),,,,,,,,,,,,,,0.7071067812,-0.7071067812,,,,,,,,,,,,,,,,,,2.888888889,15,1,,,,,,,,,,,,,,,,,,,,,,,,,,,,,,,15,4,,,,,,,,,,,,,,,,,
candied lemon peel,Citternat/Citronath/Zitternath/possibly Ciccat,,Fruit,Organics,,Pfund (lb),-0.4138462873,,-0.812734275,-0.812734275,,-0.4138462873,,-0.9124562719,,,-0.6132902811,,2.079203636,0.08476369739,,1.181705664,0.6332346805,,,,,,,,,,,,,,,,8.5,31,0,,1.5,,,,0,0,,,,,,,,,,173.75,,,0,,,,,100,,,,4,,10,,21,15.5,,,,,,,,,,,,,,,
capercaillie,Auerhünner,,Meat,Meat,"bird, fowl, wild",Stück (Piece),-0.3160472192,-0.1137769989,0.6953038822,1.049276768,,,,-1.428533431,,0.8975741025,0.6447363271,,,-1.428533431,,,,,,,,,,,,,,,,,,,46.11111111,99,0,,22,,,26,51,94,,,,,,,,,,,,,0,,,,86,8,,,,,,0,,,,,,,,,,,,,,,,,,
capon,Cappaunen,,Meat,Meat,"bird, fowl",Stück (Piece),1.146763278,0.798221929,1.146763278,0.9071411006,,,,-1.16232316,-0.9009171479,0.318977574,-0.3563212899,-0.9880524852,-1.140539325,-0.7266464733,-0.7919979763,,,,,,,,-0.007779940828,,1.756710639,,,,,,,,46.28571429,134,0,,842,,,609,858,871,,,,,,,,,,,,,0,,,12,515,250,8,,,0,,20,17,,,,,,,,53,,134,,,,,,,
caraway,Kümmell,,Spice,Flavorings,,Pfund (lb),,,,,,-0.5411673671,,-0.6127924598,,1.153959827,,,,,,,,,,,,,,,,,,,,,,,10.5,75,0,,,,,,,,,,,,,,,,,11,,,0,,,,590,,,,,,,,,,,,,,,,,,,,,,,,,
carp,Frische Fische: Karpffen,,Fish,Fish,,Stück (Piece),-0.933318476,0,0.8296164231,2.074041058,,,,0.5530776154,-1.244424635,-0.7259143702,0.4148082115,,-0.2419714567,,-0.7259143702,,,,,,,,,,,,,,,,,,35.8,97,0,,10825,,,1809,3077,9142,,,,,,,,,,,,,52,,,0,12925,3598,,,,36,,,15,,,,,,,,,,,,,,,,,
chameleon loach,Schmerllen,,Fish,Fish,,Stück (Piece),,-0.7625563951,,-0.3901451324,,,,-0.8866934827,,2.030528075,-0.3280765886,,0.4788144806,,,,,,,,,,-0.1418709572,,,,,,,,,,250.7272727,1311,1,,,,,,,,,,,,,,,,,,,,,,,,,,,,,,,1311,360,,,,,,,,780,,,300,,,,,,
cherry sauce,Kirschmuß,,Fruit,Organics,,Pfund (lb),,,0.7071067812,,,-0.7071067812,,,,,,,,,,,,,,,,,,,,,,,,,,,11.88888889,48,0,,,,,0.875,,11,,,,,,,,,,,,,0,,,,31,111,,,,2,,,,,,,,,,,12,,,,,,,,,
cherry sauce or marmalade,Kirsch Kreide,,Fruit,Organics,,Pfund (lb),-0.3886361873,-0.3886361873,-0.3886361873,-0.3886361873,,,,,,,,,,-0.3403441167,-0.3725388304,,,,,,,,2.267427696,,,,,,,,,,15.28571429,93,1,,,,,,60.5,,,,,,,,,,,200,,,,,,,,,,,,,,,,,,,,,,,,,,,,,,,,
chestnuts,Castanien,,Nuts,Flavorings,,Pfund (lb),0.7797418979,0.5316422031,1.524040982,1.134170033,,0,-0.4430351693,-0.8293618368,,2.162011626,0.7088562708,,-0.7088562708,-0.8222732741,-0.8258175555,-0.8116404301,-0.8222732741,-0.7797418979,,,,,-0.7974633047,,,,,,,,,,18.2,166,1,,0,,,0,0,0,,,,,,,,,,,,,,,,,,,,,,,,4,2,,,,,,,,166,,,,,,,,,
cinnamon,Cannehl,,Spice,Flavorings,,Pfund (lb),0.5813586057,-0.7417333934,0.09898131432,-0.1628806438,,,,-0.9760309349,,-0.7279511851,0.01628806438,,-0.6039113102,0.7743095222,-0.7279511851,,,,,,,,2.469521146,,,,,,,,,,23,86,0.6,,23.2,,,20.14,35.203,41.6,,,,,,,,,,83.25,11.5,,0.6,,,,74.34,31.8125,,,,0.5,,0.8,0.7,1.1,0.8,2,,,,,1.5,,,,,,,,,
citrons,Cittronen/Zittronen,,Fruit,Organics,Citrus,Stück (Piece),0.3047534982,-0.3114379674,0.9209449638,0.356102787,-0.6580456668,0.2534042094,-0.1060408122,-0.6452083446,,3.23166296,0.9209449638,,-0.5168351226,-0.6532188337,-0.6516270057,-0.6419990141,-0.6516270057,-0.5681844114,,,,,-0.583589198,,,,,,,,,,61.18181818,250,0,,990,,,132,462,447,,,,,,,,,,,,,0,,,,13140,638,,,,30,,127,18,,,,,,,,250,,,,,,,,,
cloves,Negelein,,Spice,Flavorings,,Pfund (lb),0.7962080515,0.1508604729,1.164978096,0.7040155402,,,,-1.278123451,,0.5196305178,0.7962080515,,-1.324219707,0.381341751,-1.739086007,,,,,,,,-0.1718133164,,,,,,,,,,13.13165625,77,0.25,,13,,,10.484,17.328,18.2,,0.25,,,,,,,,52.125,11,,0.5,,,,60.7,20.5625,,,,0.375,,0.344,0.375,0.5625,0.375,2,,,,,1.7,,,,,,,,,
coarse salt,Grobsalz,,Salt,Flavorings,,Stof (Fluids),-0.8053414565,0.3973255416,-0.6610214168,-0.6610214168,,,,-0.9336259363,,-0.484630257,0.0124721022,,,,,,,,,,,,1.952774859,,1.18306798,,,,,,,,46.09090909,78,1,,3812,,,2696,4382,4826,,,,,,,,,,,,,24,,,,4786,577,,,,24,,60,14,,,,,,,,48,,,,,,,,,
cod,Dorsch,,Fish,Fish,,Stof (fluids),,,,,,,,,,,,,,,-0.7071067812,0.7071067812,,,,,,,,,,,,,,,,,61.9,192,1,,1356,,,744,1668,2256,,,,,,,,,,,,,12,,,,2652,624,,,,,,,,,,,,,,,192,,144,,,,,,,
common bream,Breßem,,Fish,Fish,,Stück (Piece),-0.7071067812,,,0.7071067812,,,,,,,,,,,,,,,,,,,,,,,,,,,,,48.66666667,225,0,,523,,,1196,694,2076,,,,,,,,,,,,,0,,,,13973,107,,,,64,,,,,,225,,,,,,,,,,,,,,
cooking wine,Kochwein,,Acid,Flavorings,,Stof (fluids),,,,,,,,-1.097730108,,0.23863698,0.8590931278,,,,,,,,,,,,,,,,,,,,,,4.555555556,18,1,,,,,,,,,,,,,,,,,,,,,,,,,,,,,,,,16,18,,,,,,,,,,,,,,,,
coot,Wasserhünner/Wasserhüner,,Meat,Meat,"Bird, wild",Stück (Piece),-0.3061199434,-0.1603485418,-0.4616094384,-0.4421732516,,,,-0.5490722794,,-0.330415177,,2.249738632,,,,,,,,,,,,,,,,,,,,,18.125,83,0,,,,,,,,,,,,,,,,,,,,0,,,,43,8,,,,,,,,,,,,,,,,,,,,,,,,
corned beef,Pökelrindfleisch,,Meat,Meat,Beef,Stof (fluids),1.906573126,-0.1695500602,0.9723176923,,,,,-1.103805494,-0.6193767506,0.9031135861,0.1072663646,,-0.0311418478,-0.8615911224,-1.103805494,,,,,,,,,,,,,,,,,,83.11111111,576,0,,245,,,540,120,192,,,,,,,,,,,,,0,,,,288,,576,,,,,,,,,,,,,,,,,,,,,,,
cow tongue,Rindtzung,,Meat,Meat,Beef,Stof (fluids),0.09325212603,-0.3587836035,1.243888529,2.024677516,-0.7286310186,,,-0.2355011318,-0.6053485469,1.654830101,-0.9341018048,-0.1327657387,-0.7697251758,-0.2663217498,,-0.9854695013,,,,,,,,,,,,,,,,,25,65,1,,60,,,168,328,,,,,,,,,,,,,,4,,,18,476,275,,,,46,,11,4,,,,,,,,,,,,,,,,,
cow trunk,Ochßenrümpffe,,Meat,Meat,Beef,Stück (Piece),,,,,,,,,,,,,,1.154532452,-0.5943282817,,,,,,,,,,,-0.5602041698,,,,,,,23.19230769,75,0.75,,164,,,125,289,542.125,,7,,,,,,,,,,,19,,,10,494,10.25,21.5,,,0.75,,18.25,,0.75,,,,,,,,,,,,,,,,
crabs,Kleinsalz,,Seafood,Meat,,Stück (Piece),-0.6016126619,,-0.6600216582,,,,,,,-0.2024845205,-0.290098015,,,1.754216856,,,,,,,,,,,,,,,,,,,386.2,3315,1,,,,,,,,,,,,,,,,,,,,,,,,,,,,,,,3315,240,,,,,,,,,,,300,,,,,,
crucian carp,Karausen/Caraussen/Carussen,,Fish,Fish,,,0.5975155173,,,,,,,-1.394202874,,-0.2323671456,1.261421648,,-0.2323671456,,,,,,,,,,,,,,,,,,,,48.5,260,1,,1267,,,,1000,,,,,,,,,,,,,,,,,,4560,360,,,,,,260,,,,,,,,,,,,,,,,,,
curlew,Brachvogel,,Meat,Meat,"Bird, wild",Stück (Piece),1.24557906,0.2676955979,1.871424476,1.675847784,-0.4754958336,-1.257802604,,-0.006111771641,,-0.3190344796,0.6197336444,,-0.08434244864,-1.179571927,-0.7101878646,0.6979643214,-0.2212461334,-1.257802604,,,,,-0.8666492186,,,,,,,,,,4.625,17,0,,12,,,,,,,,,,,,,,,,,,0,,,,11,13,,,,1,,,,,,,,,,,,,,,,,,,,
currants,Korinthen/Corinthen,,Fruit,Organics,preserved,Pfund (lb),,,,-0.6710189489,,-0.1032336845,,,,1.445271582,,,-0.6710189489,,,,,,,,,,,,,,,,,,,,40.5,91,10,,434,,,245.75,580,663.25,,30,,,,,,,,242.5,,,42,,,,1937,416,,,,6,,12,24,60,36.5,10,,,,,20,,,,,,,,,
dates,Dattelln,,Fruit,Organics,,Pfund (lb),0.9731762801,-0.06711560552,1.241638702,,,,,-1.140965294,,0.7718294635,-0.7718294635,,,,,,,,,,,,-1.006734083,,,,,,,,,,9,43,1,,,,,,,0,,,,,,,,,,27,,,,,,,28,,,,,0,,,,,,,,,,,,,,,,,,,,
Deer,Hirsch,,Meat,Meat,"venison, wild",Stück (Piece),,,,,,,,,,,,,,,,,,,,,,,,,,,,,,,,,20.22222222,72,0,,31.5,,,17.25,37.75,,,,,,,,,,,,,,0,,,,44,12,,,,,,,,,,,,,,,4,,,,,,,,,
deer tongue,Hirschzungen,,Meat,Meat,other,Stück (Piece),-0.6746075253,0.8914456584,,0.7709800289,,,,-1.156470043,,,0.1686518813,-0.8352283646,0.3292727207,1.975636324,-0.754917945,,,,,,,,,,,-0.7147627351,,,,,,,1,1,1,,41,,,,,,,,,,,,,,,,,,,,,,,,,,,,,,,,,,,,,,,,,,,,,,,
doves,Wilde und Zahme Tauben,,Meat,Meat,"Bird, wild",Stück (Piece),0.9861231457,0.8414090572,1.333436958,1.015065963,,,,-1.358245087,,-0.7504459159,-0.7793887336,,0.0888957972,-1.06881691,0.4940952449,0.957180328,0.6098665157,,,,,,-1.126702546,,-1.242473817,,,,,,,,25.08333333,80,1,,121,,,263,,385,,,,,,,,,,,,,2,,,,,243,10,,,50,,80,12,,,,,,,,,,,13,,,,,,
dried beef,Treügrindtfleisch,,Meat,Meat,Beef,Stück (Piece),1.378653598,-0.4929264262,-0.9319390246,-0.0770197541,,,,,,1.055170631,,,-0.9319390246,,,,,,,,,,,,,,,,,,,,41.64285714,94,0,,506,,,482,611,643,,,,,,,,,,,,,0,,,,142,152,,,,9,,10,64,80,68,,,,,,8,,4,,,,,,,
dried carp,Treüge Karpffen,,Fish,Fish,,Stück (Piece),,-0.2816816752,-0.4049174081,-0.07312889645,,,,-0.6134701869,,-0.3006410187,-0.5565921563,,,,,,2.230431342,,,,,,,,,,,,,,,,22,88,1,,732,,,135,0,300,,,,,,,,,,,,,,,,,79,,,,,0,,,,,,,,,,,,,,,,,,,,
dried common roach,Treüge Plözen/Plötzen,,Fish,Fish,,Stück (Piece),,,,,,,,,,,,,,,,,,,,,,,,,,,,,,,,,51.11111111,300,0,,,,,180,1260,412,,,,,,,,,,,,,0,,,,1920,1080,,,,,,,,,300,,,,,,,,,,,,,,,
dried eel,Treüge Aal,,Fish,Fish,,Stück (Piece),1.062856056,-0.7393781261,-0.2195028812,1.68670635,,,,-1.016644923,,-0.7047197764,1.097514406,,-0.4967696785,-0.6700614268,,,,,,,,,,,,,,,,,,,1.428571429,2,1,,0,,,,0,,,,,,,,,,,,,,,,,,0,,,,,0,,,,,,,,,,,,,,,,,,,,
dried geese,Treüge Gänße,,Meat,Meat,"Bird, fowl",Stück (Piece),,,,,,,,,,,,,,,,,,,,,,,,,,,,,,,,,23.44444444,79,0,,297,,,108,128,60,,,,,,,,,,,,,0,,,,117,44,,,,15,,10,,,,,,,,,,,,,,,,,,
dried lamb,Treüge Lämmer,,Meat,Meat,other,Stück (Piece),-0.3977834013,-0.3977834013,2.040801798,-0.3977834013,,,,-0.4496681928,,,,,-0.3977834013,,,,,,,,,,,,,,,,,,,,1,1,1,,2,,,,,,,,,,,,,,,,,,,,,,,,,,,,,,,,,,,,,,,,,,,,,,,
dried lamprey,dried lamprey,,Fish,Fish,,Stück (Piece),1.788784132,,-0.4420793735,-0.4420793735,,,,-0.4625460112,,,,,-0.4420793735,,,,,,,,,,,,,,,,,,,,7.25,49,0,,0,,,0,2500,0,,,,,,,,,,,,,0,,,,,,,,,0,,,,,,,,,,,,,,,,,,,,
dried maraena whitefish,Treüge Schnepeln,,Fish,Fish,,Stück (Piece),,,,,,,,,,,,,,,,,,,,,,,,,,,,,,,,,1.25,2,0,,90,,,,0,0,,,,,,,,,,,,,0,,,,,,,,,0,,,,,,,,,,,,,,,,,,,,
dried mutton,Treüge Hammel,,Meat,Meat,other,Stück (Piece),0.9703833733,-0.5567773453,0.206803014,,,,,-1.511252794,,1.161278463,,,-0.2704347106,,,,,,,,,,,,,,,,,,,,1.142857143,2,1,,,,,,,,,,,,,,,,,,,,,,,,,,,,,0,,,,,,,,,,,,,,,,,,,,
dried pike-perch,Treüge gerßen Zanten,,Fish,Fish,,Stück (Piece),,,,,,-0.6481099772,0.8527762858,-0.7845541829,,-0.7163320801,0.5116657715,,1.944329932,-0.6481099772,-0.5116657715,,,,,,,,,,,,,,,,,,26.75,85,0,,492,,,158,288,,,,,,,,,,,,,,0,,,,7150,,,,,50,,,,,,,,,,,,,,,,,,,,
dried plums,Brunellen,"Type of plum tree, according to Krünitz",Fruit,Organics,,Pfund (lb),,,,,,,,,,,,,,,,,,,,,,,,,,,,,,,,,9,41,0,,,,,,,,,,,,,,,,,100,24,,0,,,,0,150,,,,6,,2,4,,,,,,,,,,,,,,,,,
dried roe,Treüge Rögen,,Fish,Fish,,Stück (Piece),0.9771024503,0.2426361789,1.239411833,-1.409912932,,,,-1.43614387,,0.2426361789,0.4787146233,,-0.3344444629,,,,,,,,,,,,,,,,,,,,7.857142857,49,1,,,,,,,,,,,,,,,,,,,,,,,,,,,,,785,,,,,,,,,,,,,,,,,,,,
dried salmon,Treüge Lächße,,Fish,Fish,,Stück (Piece),1.607977056,-0.2150201877,,0.2290432434,,,,-0.8226859354,,,,,-0.7993141759,,,,,,,,,,,,,,,,,,,,44.125,103,0,,61,,,37,8,0,,,,,,,,,,,,,0,,,,48,64,,,,62.25,,,,,,,,,,,,,,,,,,,,
dried sheep,Treüge Schöpsen und Schaaf,,Meat,Meat,other,Stück (Piece),,,,-0.8873170951,,,,-0.8441365876,,,,,-0.8187362891,,,0.9262642195,1.383469593,,,0.2404561594,,,,,,,,,,,,,9.875,46,0,,8,,,148.25,,35.25,,,,,,,,,,,,,0,,,,,,,,,0,,,,,,,,,,,,,,,,,,,,
dried white bream,Treüge Breßem,,Fish,Fish,,Stück (Piece),1.379323033,0.167755504,1.594712816,0.4369927326,,,,-1.393820422,,0.2216029497,0.733153684,,-0.4784138447,0.7062299612,-1.28612553,,,,,,,,-1.124583193,,0.1139080583,,,,,,-1.070735748,,194.4545455,900,1,,,,,,,1080,,,,,,,,,,,,,23,,,,,,,,,401,,,,720,900,,,450,,,,,,,,,,,,
ducks,Wilde und Zahme Enten,,Meat,Meat,bird,Stück (Piece),-0.7088132903,-0.6669151698,-0.7036924089,-0.7069511516,0.259033292,,,0.1608054763,0.4089354563,-0.7041579435,-0.6915885074,,-0.7041579435,1.689621338,0.3391052555,1.286933847,-0.5253926296,,-0.5579800567,,,,-0.03565015512,,2.920960544,-0.4322856953,,,,,-0.6278102574,,44.38461538,112,0,,742,,,304,982,490,,,,,,,,,,,,,0,,,,4617,759,,,,41,,78,4,,,,,,,,10,,56,,,,,,12,
eggs,Eÿer,,Eggs,Meat,,Stück (Piece),-0.5856916848,,-0.03378990489,-0.3294515727,,,,-1.039039575,,0.8729058763,,,-0.684245574,,,,,,,,,,,,1.799312435,,,,,,,,"1,528.63",7803,1,,104832,,,74731,117328,115500,,2085,,,,,,,,,,,1874,,,2407,130298,30807,,,,1500,,5158,2257,4293,400,,330,,,,1452,,7803,600,,,,,180,
fattened pig,"Is this Schweinschmalz? If so, then the values are missing and it was measured in stof. 177 in 174, 88 in 1645, 158 in 1646",,Meat,Meat,Pork,Stück (Piece),1.949218063,0.4831395199,-0.2165797848,-0.04997995034,,,,-1.382778626,,-0.6497393544,1.282818725,,-0.6497393544,,,,,,,,,,-0.7163792882,,-0.04997995034,,,,,,,,1.142857143,2,1,,,,,,,,,,,,,,,,,,,,,,,,,,,,,0,,,,,,,,,,,,,,,,,,,,
fieldfare,Kramßvögel/Krammetsvogel/Krambßvogel,,Meat,Meat,"Bird, wild",Stück (Piece),,,,,,,,,,-0.5773502692,1.154700538,,-0.5773502692,,,,,,,,,,,,,,,,,,,,32.2,81,0,,729,,,3,197,3180,,,,,,,,,,,,,0,,,,1423,762,,,,2,,,,,,,,,,,20,,40,,,,,,,
figs,Feÿgen,,Fruit,Organics,,Irregular!,,,,,,,,,,,,,,,,,,,,,,,,,,,,,,,,,10.42857143,65,1,,,,,,,,,,,,,,,,,,,,,,,,0,46,,,,0,,,,,,,,,,,,,,,,,,,,
finch,Parießvogel,,Meat,Meat,"Bird, wild",Stück (Piece),-0.171038248,-0.4163799972,-0.1514109081,-0.3476843074,,,,-0.3574979774,,-0.1317835681,-0.03364686846,,-0.6028397266,-0.004205858558,-0.3574979774,-0.1219698982,-0.1219698982,,,,,,3.41095129,,,,,,,,-0.5930260567,,0.875,1,0,,,,,,,,,,,,,,,,,,,,0,,,,,,,,,,,,,,,,,,,,,,,,,,,,,
fine salt,Kleinsalz,,Salt,Flavorings,,Stof (Fluids),,,1.482157394,,,-0.4940524647,,,,0.4359286453,-0.2906190969,,-1.133414478,,,,,,,,,,,,,,,,,,,,80.14285714,432,1,,3744,,,2112,3648,3835,,,,,,,,,,,,,48,,,,5644,782,,,,24,,84,48,72,72,,,,,,432,,,,,,,,24,
fish guts,Hausenblasen,,Fish,Flavorings,,Pfund (lb),,,,,,,,,,,,,,,,,,,,,,,,,,,,,,,,,29.57142857,92,1,,,,,,6,,,,,,,,,,,8,,,,,,,4,20,,,,0,,,,,,,,,,,,,,,,,,,,
flounder,Flundern,,Fish,Fish,,Stück (Piece),-0.8716958011,0.7080092572,1.144506708,-0.3728415722,,,,-0.6222686866,-0.227342422,-0.5391263151,0.4377965499,0.6248668857,-0.8509102082,-0.2481280149,-0.9756237655,,-0.9548381726,,,,,,1.560218565,,2.204571944,,,,,,-1.017194951,,1.142857143,2,1,,,,,,,0,,,,,,,,,,,,,,,,,,,,,,,,,,,,,,,,,,,,,,,,,,
geese,Gänße,,Meat,Meat,"bird, fowl",Stück (Piece),1.415799849,-0.441969265,1.475727885,1.415799849,-0.7865554716,0.2771671662,0.9663395793,-0.6966634177,,1.895224136,-0.441969265,,-0.6217533728,-0.7790644671,-0.8315014985,-0.6816814087,-0.7715734626,-0.6816814087,,,,,-0.7116454266,,,,,,,,,,52.6875,159,1,,1165,,,580,882,2876,,,,,,,,,,,,,23,,,42,1730,654,83,,,12,,41,6,,7,,,,,,128,,159,,,,,,4,
ginger,Ingber,,Spice,Flavorings,,Pfund (lb),-0.3902887915,0.1282767357,1.438337015,1.82043793,,,,-0.9088543187,,-0.5540463264,0.7287210303,,-0.526753404,-0.8542684738,,,,,,,,,-0.8815613963,,,,,,,,,,16.3359375,50,3.5,,204.72,,,115.75,221.75,335.2,,4.25,,,,,,,,79.75,33.5,,5.75,,,,337.625,112.25,,,,1,,4.375,3.5,6,4.5,6,,,,,5.5,,,,,,,,,
Gouda Cheese,Holländische Kese,,Dairy,Dairy,,Stück (Piece),0.5607962931,0.6555787652,-0.884636406,0.3238401129,,,,-1.382244384,,-0.1500722475,0.2764488769,,,-1.145288204,,,,,,,,,1.745577194,,,,,,,,,,32.1,101,0,,13,,,2,52,99,,,,,,,,,,,,,0,,,,125,43,,,,14,,2,,,,,,,,,1,,,,,,,,,
gray partridge,Rephüner/Raphünner,,Meat,Meat,"bird, fowl, wild",Stück (Piece),0.3743059662,-0.6321266731,0.5560229705,-0.4224532066,,,,-0.7998654463,,-0.5203008243,-0.7299742908,,-0.1708450468,,,,,2.345236551,,,,,,,,,,,,,,,45,132,0,,52,,,58,123,516,,,,,,,,,,,,,0,,,,3639,62,,,,,,10,,,,,,,,,132,,,,,,,,,
haddock,Pomuschln,"Translation derived from: Buse Das Ganze der Handlung, oder vollständiges Handbuch , p. 342, vol. 1, Issue 4, Erfurt, 1801",Fish,Fish,,Stück (Piece),-1.154549284,0.5610893717,0.5934599124,,,,,,,,,,,,,,,,,,,,,,,,,,,,,,14.28571429,94,1,,20,,,,,8.5,,,,,,,,,,,,,,,,,,,,,,,,,,,,,,,,,,,,,,,,,,
half dried white bream,Treüge Halbbreßem,,Fish,Fish,,Stück (Piece),0.7071067812,,,-0.7071067812,,,,,,,,,,,,,,,,,,,,,,,,,,,,,23.71428571,81,1,,162,,,538,481,,,,,,,,,,,,,,,,,,,,,,,,,,,,,,,,,,,,,,,,,,,
half-smoked salmon,Treüg riemen Lachß,,Fish,Fish,,Stück (Piece),,,,,,,,-0.8703952448,,-0.1604984139,1.691406362,,-0.06790317513,-0.5926095284,,,,,,,,,,,,,,,,,,,1.142857143,2,1,,293.5,,,,,0,,,,,,,,,,,,,,,,,,,,,,,,,,,,,,,,,,,,,,,,,,
ham,Schincken,,Meat,Meat,pork,Stück (Piece),1.784693225,0.0985413437,1.51370453,-0.7746444519,,,,-0.9251937269,,-0.1423374965,1.062056704,-0.8047543069,,-0.6542050318,-0.8649740169,,,,,,,,-0.2928867715,,,,,,,,,,16.44444444,84,0,,,,,,,,,,,,,,,,,,,,0,,,,145,82,,,,3,,9,,,,,,,,,,,,,,,,,,
hazel grouse,Haßelhüner/Haaselhüner,,Meat,Meat,"bird, fowl, wild",Stück (Piece),-0.3079617533,-0.3916243807,-0.2822194063,-0.3433574803,,,,-0.3015261665,-0.1953389855,-0.5106827353,-0.3980599675,0.1554004913,-0.4559802481,0.5125755549,-0.3755354139,,-0.4978115618,,,,,,0.5157933483,,3.678884226,-0.4012777608,,,,,-0.4012777608,,21.25,82,0,,595,,,177,485,1057,,,,,,,,,,,,,0,,,,1696,487,4,,,,,9,2,,,,,,,,21,,,,,,,,,
hen,Hüner,,Meat,Meat,"bird, fowl",Stück (Piece),,0.5975904854,0.4855422694,1.718072645,0.6349398907,-0.6349398907,,,,,,,,,-1.008433944,-0.784337512,-1.008433944,,,,,,,,,,,,,,,,178,1326,1,,5596,,,3253,6603,5619,,,,,,,,,,,,,89,,,122,14760,4210,231,,,62,,342,66,,28,,,,,,343,,1326,58,,,,,58,
honey,Honig,,Honey,Flavorings,,Stof (Fluids),-0.06659723635,-0.1046528,1.075069673,-0.4471528727,,,,-0.1046528,,1.760069818,-0.6754862544,,-1.436597527,,,,,,,,,,,,,,,,,,,,23.18181818,78,1,,,,,24,24,6,,48,,,,,,,,36,,,,,,,,,,,,,,,4,10,4,,,,,,,,,,,,,,,
jellied eel,Eingemachte Neünaugen,,Fish,Fish,,Stof (Fluids),1.744346464,-0.07946908719,1.946992636,0.7648899642,,,,-0.552310156,-0.7887306903,-0.6874076042,2.01454136,-0.7042947852,0.1907258093,0.02185399898,-0.602971699,-0.7211819662,-0.4172127077,,,,,,-0.6198588801,,-0.7887306903,-0.7211819662,,,,,,,45.5,98,1,,24,,,240,48,312,,,,,,,,,,,,,48,,,,96,226,,,,132,,,,,,,,,,,,,,,,,,,,
lamb,Lämm,,Meat,Meat,Other,Stück (Piece),-1.15284311,,0.5197243529,0.6331187572,,,,,,,,,,,,,,,,,,,,,,,,,,,,,20.29411765,85,1,,463.5,,,140,485.75,366.5,,,,,,,,,,,,,8,,,1,"1,506.75",85.25,3.5,,,4,,25,6.5,3,12,,,,,,6,,1,3,,,,,,
lamprey,Neünaugen: Frische Morchnen / Maröhnen,,Fish,Fish,,Stück (Piece),,2.266793165,0.9917220098,0.05059806173,,,,,,-0.4958610049,-0.4655021679,,,-0.586937516,,,-0.4351433308,,,,,,-0.6476551901,,-0.6780140271,,,,,,,,23.28571429,81,1,,1220,,,,420,630,,,,,,,,,,,,,,,,,,,,,,,,,,,,,,,,,,,,,,,,,,
lard,Schmeer,,Cooking oil,Flavorings,,Stück (Piece),-0.09885710339,-0.7122204949,0.0269610282,0.2785972914,,,,-0.9481294916,,,,,-0.5864023633,2.040051134,,,,,,,,,,,,,,,,,,,19.72727273,99,1,,,,,9.5,29.5,2,,,,,,,,,,,,,,,,,11,11,,,,,,4,,,9,,,,,,2,,1,,,,,,,
lark,Lÿrchen,,Meat,Meat,"Bird, wild",Stück (Piece),-0.3070255982,-0.4379689659,-0.20454818,-0.261480079,-0.489207675,-0.5062872447,3.359388698,-0.1305367113,,,-0.4949008649,,-0.4436621558,-0.2842528386,,0.370464,0.1712023534,,,,,,-0.3411847376,,,,,,,,,,41.66666667,190,0,,2679,,,1232,3229,60,,,,,,,,,,,,,0,,,,,,,,,24,,190,,,,,,,,,,,,,,,,,,
lemons,Lemonien/Limonien,,Fruit,Organics,Citrus,Stück (Piece),0.9226260118,0.6459628084,1.718032721,1.026374713,-0.8670390851,-0.1840268017,-0.5644387064,-0.8445601998,,1.960113024,0.9572089122,,0.1963851029,-0.8302947534,-0.8411019097,-0.819487597,-0.8367790472,-0.8065190093,,,,,-0.8324561846,,,,,,,,,,106.4285714,700,1,,2757,,,1702,4112,4778,,24,,,,,,,,7862,700,,87,,,,,1697,,,,40,,60,,175,140,,,,,,50,,,,,,,,,
mace,M. Blumen,,Spice,Flavorings,,Pfund (lb),-0.3340965439,1.163707063,-0.2027102626,0.4279438877,,,,-1.174968744,,1.268816088,,,-1.148691488,,,,,,,,,,,,,,,,,,,,24.09140625,83,0.25,,26.2,,,22.9,42.14,41.3,,0.25,,,,,,,,76,9,,0.9,,,,71.84,37.5,,,,4.09,,1.3125,1,1.625,1.125,2,,,,,1.25,,,,,,,,,
millet gruel,Grütze Hirße,,Grain,Grain,,Stof (Solids),-0.05292953631,,-0.503981237,1.525751416,,,,-0.7939430446,,1.300225566,-0.7939430446,,,,,,,,,,,,-0.6811801194,,,,,,,,,,36,94,0,,178,,,60,204,456,,,,,,,,,,,,,0,,,,87,,,,,0,,,,,,,,,,,,,,,,,,,,
Moose,Elend und Kälber,,Meat,Meat,"venison, wild",Stück (Piece),0.8297002836,,-1.110334203,,,,,,,0.2806339195,,,,,,,,,,,,,,,,,,,,,,,18.05555556,74,1,,15.75,,,,10.75,54.25,,,,,,,,,,,,,1,,,,5,10,,,,,,,,,,,,,,,4.5,,,,,,,,,
mustard,Senf,,Seasoning,Flavorings,,Stof (Solids),0.1903453986,-0.4765046986,0.24164156,0.1390492373,,,,-0.6893837681,-0.6560412632,-0.4970231631,-0.08665387252,-0.5278008599,-0.5483193245,-0.6970781923,-0.8048001311,,,,,,,,2.047266439,,2.365302639,,,,,,,,11.14285714,66,1,,57,,,10,,48,,,,,,,,,,,,,,,,,,,,,,,,,,,,,,,,,,,,,,,,,,
mutton,Hammel und Schöpßen,,Meat,Meat,Other,Stück (Piece),0.1561706831,0.1561706831,1.045240575,0.4673451452,,0.06726369398,-0.3328177572,-0.7551259557,,2.734473369,1.400868531,,-0.5550852301,-0.7551259557,-0.7466797918,-0.728453859,-0.7440125821,-0.6884457139,,,,,-0.7217858348,,,,,,,,,,76.66071429,314,1,,737.25,,,194.12,860.75,931.25,,,,,,,,,,,,,16.25,,,19.5,"2,689.50",671.5,32,,,4,,15.5,5,,,,,,,,283,,314,,,,,,,
nutmeg,M. Nüße,,Spice,Flavorings,,Pfund (lb),-0.09575312649,-0.09575312649,0.2700453343,-0.7627973785,,,,-0.3432050264,,-0.5045867003,-0.407757696,,-0.6444508176,,,,,,,,,,-0.1280294613,,2.712287999,,,,,,,,17.71933333,80,0.5,,14.828,,,14.5,22.03,22.9,,,,,,,,,,62.75,10,,0.5,,,,69.375,36.125,,,,0.6,,0.5,0.69,1.1,0.75,2,,,,,1.25,,,,,,,,,
oat groats,Habergrütz,,Grain,Grain,,Stof (Solids),-0.4227133983,1.071963811,1.72588509,-0.6095480495,,0.1377905552,-0.936508689,-1.053280346,,,1.071963811,,0.09108189245,,,,,,,,,,-1.076634677,,,,,,,,,,77.1,336,1,,459.5,,,463,936,1275,,,,,,,,,,,,,52,,,,2295,336,,,,28,,,,,,,,,,,72,,336,,,,,,,
olives,Oliven,,Olives,Flavorings,,Stof (Fluids),-0.4486924541,-0.3890088973,-0.3293253404,3.550105854,-0.508376011,,,0.9240293533,0.1779848927,2.714536059,-0.09059111306,0.9837129101,0.7449786827,-0.03090755622,-0.508376011,-0.508376011,-0.508376011,-0.508376011,-0.508376011,-0.508376011,-0.508376011,-0.508376011,0.267510228,,,-0.508376011,-0.508376011,-0.508376011,-0.508376011,-0.508376011,-0.4486924541,-0.508376011,23.25,62,1,,121.5,,,24,31,127,,,,,,,,,,96,4,,1.5,,,,,34,,,,3,,,,,,,,,,,1,,,,,,,,,
oxen,Ochßen,,Meat,Meat,Beef,Stück (Piece),-0.2966199565,-0.3233513945,-0.3536470243,,,-0.383942654,,-0.4142382838,,-0.2431570805,-0.3180051069,,-0.330479778,2.663441279,,,,,,,,,,,,,,,,,,,9.696428571,70,1,,1,,,1,1,5,,1,,,,,,,,,,,25,,,12.5,4,11,26,,,2,,9,1,1,1,1,1,1,1,1,14,,,1,1,1,1,1,2,1
oysters,Auster,,Fish,Fish,,Stof (Fluids),1.346494715,0.6287469991,1.46133435,0.1406785523,,,,-1.409656514,,-0.548359255,0.4564875473,,-0.86416825,,-1.179977245,,,,,,,,,,-0.0315808995,,,,,,,,225.8888889,1727,0,,3456,,,2592,192,,,,,,,,,,,480,,,0,,,,9216,384,,,,768,,1727,,,,,,,,,,,,,,,,,,
pearl barley,Gerstengraupen/ Graupen,,Grain,Grain,,Stof (Solids),,,,,,-0.4323732181,,,,2.263203563,-0.4323732181,,-0.4323732181,-0.2905007559,-0.3850823974,,,,,,,,-0.2905007559,,,,,,,,,,40.2,101,0,,662,,,432,789,408.5,,,,,,,,,,,,,0,,,,1808,48,,,,172,,,8,,,,,,,,,,48,,,,,,,
pearl barley groats,Perlengrütz,,Grain,Grain,,Pfund (lb),-0.6004745552,-0.5348130401,-0.4822838281,-0.4757176766,,,,2.577542773,,-0.3608100252,-0.3575269495,,-0.5873422522,,,,,,,,,,0.01674368634,,0.804681867,,,,,,,,7.8,59,1,,,,,,,,,,,,,,,,,10,,,,,,,45,10,,,,0,,4,2,,,,,,,,4,,,,,,,,,
peas,Erbßen,,Grain,Grain,,Stof (Solids),1.34959507,-0.008320561468,1.519334524,1.406174888,-0.8428728767,0.3877381644,0.9252464352,-0.7580031497,,1.802233614,-0.4043792873,,-0.5741187413,-0.8287279222,-0.8853077401,-0.7438581952,-0.8287279222,-0.7438581952,,,,,-0.7721481042,,,,,,,,,,187.2,972,1,,"1,994.50",,,1427,2195,3390,,,,,,,,,,,,,972,,,,6246,736,,,,"1,401.50",,,,,,,,,,,192,,432,,,,,,,
pepper,Pfeffer,,Spice,Flavorings,,Pfund (lb),,,,,,,,,,,,,,,,,,,,,,,,,,,,,,,,,18.09375,52,3.5,,217.59,,,134.25,247.8125,344.3,,4.25,,,,,,,,95.25,35.5,,5.75,,,,350.875,120.5,,,,1.625,,4.5,3.5,6,4.5,6,,,,,5.5,,,,,,,,,
perch,Perschken,,Fish,Fish,,Stück (Piece),0.8921120767,,0.7023009965,,,,,-0.9300742927,,-0.8921120767,1.119885373,,-0.8921120767,,,,,,,,,,,,,,,,,,,,1,1,1,,60,,,,,,,,,,,,,,,,,,,,,,,,,,,,,,,,,,,,,,,,,,,,,,,
Pickeled moose,Elend und pökel wildpret,,Meat,Meat,"venison, wild",Thonne,0.8274902285,-1.111201164,,0.2837109355,,,,,,,,,,,,,,,,,,,,,,,,,,,,,7.571428571,43,1,,28.87,,,,1,,,,,,,,,,,,,,,,,,28,,,,,,,,,,,,,,,,,,,,,,,,,
pickled carp,Pökelfische: Karpffen,,Fish,Fish,preserved,Stof (Solids),-0.3342072871,0.9083582675,1.208287884,-0.805525256,,,,-0.9769136084,,,,,,,,,,,,,,,,,,,,,,,,,13.25,55,0,,2388,,,,228,,,,,,,,,,,,,,0,,,,0,384,,,,0,,,,,,,,,,,,,,,,,,,,
Pickled deer,Hirschen pökel wildpret,,Meat,Meat,"venison, wild",Thonne,-0.1767169908,-0.3638290987,-0.6756826118,-0.2390876934,,,,-0.5197558552,,-0.6756826118,-0.8004240171,,,,,,,,1.725589439,1.725589439,,,,,,,,,,,,,25.625,103,0,,17.25,,,6.25,8,11,,,,,,,,,,,,,0,,,,,,,,,,,,,,,,,,,,,,,,,,,,,
pickled eel,Pökelfische: Ahl,,Fish,Fish,,Stof (Fluids),0.9465882199,1.487495774,-0.2511356502,-0.3284081579,,,,-0.9465882199,,,,,-0.907951966,,,,,,,,,,,,,,,,,,,,33.8,96,1,,18600,,,1572,1200,2640,,,,,,,,,,,,,24,,,,136,1248,,,,,,,,,,,96,96,,,,,,,,,,,,
pickled European white fish,Pökel Schnepeln,,Fish,Fish,,Stof (Fluids),,,,,,,,,,,,,,,,,,,,,,,,,,,,,,,,,39.22222222,144,0,,144,,,,268,288,,,,,,,,,,,,,0,,,,96,,,,,168,,,,,,,,,,,,,144,,,,,,,
pickled gudgeon,Pökel Breßem,,Fish,Fish,,Stof (Fluids),1.959336657,-0.7241026775,0.4354081459,0.07099045858,,,,,,-0.7241026775,-0.9560048422,,,-0.0615250641,,,,,,,,,,,,,,,,,,,13.125,64,0,,24,,,348,120,156,,,,,,,,,,,,,0,,,,,,,,,0,,,,,,,,,,,,,,,,,,,,
pickled herring,Pökelfische: Heringe,,Fish,Fish,preserved,Stof (Fluids),0.4925675747,-0.1868359766,-0.2887465093,-0.628448285,,,,-0.6624184626,,-0.390657042,2.292986986,,-0.628448285,,,,,,,,,,,,,,,,,,,,16.93333333,64,1,,876,,,1560,3240,3924,,,,,,,,,,,,,,,,,1752,156,,,,,,48,,,,,,,,,,,,,,,,,,
pickled lamprey,Pökel Morehnen,,Fish,Fish,,Stof (Fluids),-0.1204039238,,1.59303653,0.2037604864,,,,-0.8613511472,,,,,-0.8150419458,,,,,,,,,,,,,,,,,,,,42.14285714,98,1,,192,,,264,300,60,,,,,,,,,,,,,,,,,96,,,,,,,,,,,,,,,,,,,,,,,,,
pickled pike,Pökelfische: Hecht,,Fish,Fish,preserved,Stof (Fluids),,,0.7071067812,,,,,-0.7071067812,,,,,,,,,,,,,,,,,,,,,,,,,16.125,88,0,,1848,,,120,100,0,,,,,,,,,,,,,0,,,,1152,96,,,,0,,,,,,,,,,,,,,,,,,,,
pickled pike-perch,Pökelfische: Zant,,Fish,Fish,preserved,,0.4898436753,-0.5929686595,,1.611327879,,,,-0.9410154814,,0.3351561989,,,-0.9023436123,,,,,,,,,,,,,,,,,,,,10.5,54,0,,12160,,,,2844,1920,,,,,,,,,,,,,0,,,,,,,,,0,,,,,,,,,,,,,,,,,,,,
pickled pork,Schwein pökel Wildpret,,Meat,Meat,pork,Thonne,,,,,,,,0.7071067812,,,-0.7071067812,,,,,,,,,,,,,,,,,,,,,,1.75,8,0,,,,,,1.5,,,,,,,,,,,,,,0,,,,,,,,,,,,,,,,,,,,,,,,,,,,,
pickled salmon,Pökelfische: Lachß,,Fish,Fish,preserved,Stof (Fluids),,,,,,,,,,,,,,,,,,,,,,,,,,,,,,,,,14.5,67,0,,192,,,1080,,480,,,,,,,,,,,,,0,,,,1920,,,,,0,,,,,,,,,,,,,,,,,,,,
pickled sturgeon,Pökel Stor,,Fish,Fish,,Stof (Fluids),2.233698778,1.053029424,2.169878813,1.914598953,-0.5743796858,,,,-0.5424697033,2.13796883,0.4786497382,-0.5424697033,-0.4786497382,-0.5743796858,-0.5105597207,-0.5743796858,-0.5743796858,-0.5743796858,-0.5743796858,-0.5743796858,-0.5743796858,-0.5743796858,-0.1276399302,,0.2233698778,-0.5743796858,-0.5743796858,-0.5743796858,-0.5743796858,,-0.5424697033,,10,60,1,,,,,,,,,,,,,,,,,,,,60,,,,,1200,,,,,,,,,,,,,,,,,,,,,,,,
pickled wild aurochs or elk,Pökel Auer Wildpret,,Meat,Meat,"beef, wild",Thonne,0.6141086036,0.1177306649,0.1940965017,-0.4168301921,,,,-0.7604764573,,2.828717868,0.3086452567,,,-0.4168301921,,-0.6077447839,,,-0.6841106206,-0.6841106206,,,,,-0.4931960288,,,,,,,,1.428571429,4,1,,,,,,0.62,,,,,,,,,,,,,,,,,,,,,,,,,,,,,,,,,,,,,,,,,,,
pig,Schweine,,Meat,Meat,Pork,Stück (Piece),0.7812562142,0.261621596,-0.9508591799,0.6946504445,,,,0.1533643838,0.04510717172,-0.9292077374,-0.2580130222,,-0.6910418707,-0.7126933132,-0.8859048526,,,,,,,,2.491720166,,,,,,,,,,15.84615385,88,1,,59.75,,,26,53,60.25,,1,,,,,,,,,,,,,,2,74.75,23.5,2,,,0.5,,1,3,1,1,1,1,1,1,1,15,,26,1,1,1,1,,2,
pig's head,Schweinköpffe,,Meat,Meat,Pork,Stück (Piece),1.47643059,,,-0.2427009189,,,,-0.6269773738,,,,,-0.6067522972,,,,,,,,,,,,,,,,,,,,16.15384615,95,0,,190.5,,,142.5,145.5,115,,,,,,,,,,,,,0,,,,89,2,,,,,,9,,4,,,2,2,,,,,7,,,,,,,
pike,Frische Fische: Hecht,,Fish,Fish,,Stück (Piece),,,,,,0.04508348173,,-0.7664191895,,,1.397587934,,-0.676252226,,,,,,,,,,,,,,,,,,,,49.75,172,1,,6322,,,4035,10578,7665,,,,,,,,,,,,,64,,,59,12547,3221,,,,285,,24,16,,,,,,,,172,,,,,,,,,
pike-perch,Zant,,Fish,Fish,,,,,,,,-0.4229488557,,-0.5420893785,,1.781150815,-0.303808333,,-0.5123042478,,,,,,,,,,,,,,,,,,,,3.375,20,0,,8,,,,,18,,,,,,,,,,,,,0,,,,,,,,,0,,,,,,,,,,,,,,,,,,,,
pinenuts,Pienigen/Pienien,,Seeds,Flavorings,,Stof (Solids),1.766505771,0.6521508762,-0.9845578762,-0.6014983809,,-0.9845578762,,-1.158675829,,1.000386781,0.861092419,,-0.009497342857,-0.9497342857,,,,,,,,,0.4083857428,,,,,,,,,,5.125,25,0,,,,,,,,,,,,,,,,,21,,,0,,,,,18,,,,0,,,,,,,,,,,,,,,,,,,,
pistachios,Pistatien,,Nuts,Flavorings,,Pfund (lb),0.4400216908,1.12281397,-1.034809632,0.8496970582,,,,-1.417173308,,1.013567205,,,-0.6797576465,0.6312035289,-0.9255628669,,,,,,,,,,,,,,,,,,12.25,79,0,,,,,,,,,,,,,,,,,12,,,0,,,,64,11,,,,0,,,,,,,,,,,,,,,,,,,,
Plums,Pflaumen,,Fruit,Organics,,Pfund (lb),,,,,,,,,,,,,,,-0.463966976,1.147707783,-0.6837408067,,,,,,,,,,,,,,,,38.9,73,10,,636,,,345,1134,2070,,,,,,,,,,395,,,10,,,,5740,551,,,,63,,16,,,,,,,,,55,,,,,,,,,
Pomagranates,Pomeranzen,,Fruit,Organics,,Stück (Piece),,,,,,,,,,,,,,,,,,,,,,,,,,,,,,,,,40.6,94,0,,381,,,65,112,65,,,,,,,,,,,,,0,,,,846,,,,,30,,75,18,,,,,,,,,,,,,,,,,
poppy seeds,Mohn,,Seeds,Flavorings,,Stof (Solids),,,,,,,,,,,,,,,,,,,,,,,,,,,,,,,,,18.9,92,1,,,,,,,,,,,,,,,,,,,,,,,,,,,,,,,,48,92,42,,,,,,,,,,,,,,,
preserved barberries,eingemachte Rebarbeerbeeren,,Fruit,Organics,,Stof (Fluids),0.7125598795,1.57318415,-0.8698782945,,,,,-0.9809265874,,0.1017942685,-0.5367334157,,,,,,,,,,,,,,,,,,,,,,2,8,1,,,,,,,,,,,,,,,,,20,,,,,,,,,,,,,,,,,,,,,,,,,,,,,,,,
preserved sturgeon,Eingemachter Stör,"The numbers on this one seem a little wonky: on my original spreadsheet, I have 423.5 lb. in 1663",Fish,Fish,,Pfund (lb),-0.3647871645,-0.4114053325,-0.6678052565,-0.8309688445,0.8472852033,,,0.5675761953,,,-0.8542779285,,-1.09902331,1.966121235,,0.8472852033,,,,,,,,,,,,,,,,,8.714285714,55,1,,,,,,,,,,,,,,,,,,,,,,,,38.5,,,,,,,,,,,,,,,,,,,,,,,,,
quail,Wachtelln,,Meat,Meat,"Bird, wild",Stück (Piece),1.616801405,1.333275361,0.04452061838,0.4311470412,,,,-1.16690884,,0.8950987486,-0.9864831758,,-0.9091578912,-0.6771820375,-0.9349329861,,,,,,,,0.3538217566,,,,,,,,,,19.75,93,0,,3,,,649,1,,,,,,,,,,,,,,0,,,,26,13,,,,,,,,,,,,,,,,,,,,,,,,
quark,Glumse,,Dairy,Dairy,,Stof (Fluids),0.7935679651,-0.2584764229,1.192619285,1.228896677,-0.947746884,-1.419352989,,-0.04081206677,,1.482838426,0.06802011129,,-0.367308601,-0.8751920986,-0.2947538156,1.446561033,0.3945166455,-1.455630382,,,,,-0.947746884,,,,,,,,,,81.45454545,264,1,,340,,,312,216,199,,168,,,,,,,,,,,144,,,,,168,,,,0,,264,,168,,,,,,,,,,,,,,,,
rabbit,Haasen,,Meat,Meat,wild,Stück (Piece),0.8728334643,0.8250069731,1.398924867,0.944573201,,-0.8010937275,1.518491095,-0.9684864466,,-1.088052675,0.7293539907,,0.05978311399,-1.064139429,-0.8728334643,,,-0.7532672363,,,,,-0.8010937275,,,,,,,,,,36.09090909,98,0,,87,,,87,249,457,,,,,,,,,,,,,0,,,,692,109,,,,10,,19,9,,,,,,,,59,,,,,,,,,
raisins,Rosinen,,Fruit,Organics,preserved,Pfund (lb),,,,,,,,,,0.5053929359,0.6464328249,,-1.151825761,,,,,,,,,,,,,,,,,,,,49.13333333,92,10,,425.5,,,214.75,496.75,661.2,,24,,,,,,,,264,,,49,,,,859,369.5,,,,6,,26,42,90,61,10,,,,,24,,,,,,,,,
rice,Reiß,,Grain,Grain,,Pfund (lb),1.358934576,1.217468201,1.523978681,-0.6451724092,,,,-0.92810516,,0.6516026989,0.06215946799,,-0.7630610553,-0.8337942431,,,,,,,,,-0.7394833261,,,-0.9045274308,,,,,,,44.23076923,110,2,,520,,,547,837,666.5,,,,,,,,,,328,110,,6,,,,0,697,,,,88,,2,10,,,15,,,,,13,,,,,,,,,
rice flour,Reißmehl,,Grain,Grain,,Pfund (lb),1.845960549,0.7682091776,1.948603537,-0.3095421941,-0.6784154315,-0.05293472467,-0.6559622779,-0.6841890995,,1.563692333,1.024816647,,-0.6431319044,-0.6928496016,-0.6936515,-0.6832268215,-0.6896420083,-0.6816230249,,,,,-0.6861136556,,,,,,,,,,19.71428571,63,1,,,,,,,,,,,,,,,,,,,,,,,,45,45,,,,11,,,,,,,,,,,,,,,,,,,,
roe deer,Rehe,,Meat,Meat,"venison, wild",Stück (Piece),0.7902982201,1.436524375,-0.2559726978,1.92888716,,,,-1.040675886,,0.05175404273,-0.1944273497,,-0.1944273497,-1.086834897,,,,,,,,,-0.4406087422,,,-0.9945168752,,,,,,,31.18181818,105,0,,67,,,62.75,80.75,127.75,,,,,,,,,,,,,0,,,,51,3,,,,1,,4,,,,,,,,,8,,,1,,,,,,
saffron, Saffran,,Spice,Flavorings,,Pfund (lb),1.620280893,,,-0.8101404467,,,,,,0.1761174884,,,-0.8101404467,-0.1761174884,,,,,,,,,,,,,,,,,,,23.00429688,104,0.03125,,7.9,,,3.3,8.7,15.7,,0.625,,,,,,,,9.06,1.5,,0.4,,,,8.625,5.375,,,,0.03125,,0.0625,0.03125,0.4375,0.1875,0.5,,,,,0.325,,,,,,,,,
salmon,Frische Fische: Lächße,,Fish,Fish,,Stück (Piece),1.093553368,1.272498464,-0.7853701458,-0.7257217803,,,,-1.26255707,,-0.755545963,-0.06958975975,,-0.1292381253,,,,,,,,,,1.361971012,,,,,,,,,,31.31818182,100,1,,308,,,56.5,165.5,96.5,,,,,,,,,,,,,2.5,,,,242,20,,,,4,,1,,,,,,,,,22,,,4,,,,,,
salmon trout,Lachßfahren,"See Charles Nicolas Sigisberg Sonnini de Manocourt's Histoire naturelle, generale et particuliere, des poissons, volume 98 p. 175. ",Fish,Fish,,Stück (Piece),-0.2226616085,-0.9351787556,1.024243399,0.01484410723,,,,-1.885201618,,0.9648669701,,,0.4898555387,0.5492319676,,,,,,,,,,,,,,,,,,,7.125,30,1,,39,,,,,0,,,,,,,,,,,,,,,,,18,,,,,0,,19,,,,,,,,,,,,,,,,,,
salted cod,Bergerfisch,See Adelung,Fish,Fish,,Stof (Fluids),,,,,,-0.0700140042,,-1.33026608,,,1.050210063,,0.350070021,,,,,,,,,,,,,,,,,,,,34.33333333,88,0,,497,,,565,1169,1793,,,,,,,,,,,,,0,,,,1305,289,,,,49,,,,,,,,,,,88,,,,,,,,,
sandpipers,Schneppen or Waßerhüner,,Meat,Meat,"Bird, wild",Stück (Piece),-0.6616904875,-0.5196691145,-0.3776477416,0.9005446147,,,,-0.2356263687,-0.8037118604,-0.6616904875,2.60480109,,-0.09360499579,0.3679644662,,,,,,,,,-0.5196691145,,,,,,,,,,25.88888889,50,0,,167,,,125,256,25,,,,,,,,,,,,,0,,,,311,,,,,6,,41,,,,,,,,,,,,,,,,,,
sardines,Sarttelen,,Fish,Fish,,Stück (Piece),0.002520213232,-0.1335713013,-0.2847840952,-0.3301479333,,,,-0.7157405578,,-0.6401341608,,,-0.7081799181,2.505091952,,,,,,,,,0.304945801,,,,,,,,,,15.125,52,0,,,,,,,,,,,,,,,,,96,,,0,,,,,3648,,,,48,,,,,,,,,,,,,,,,,,,,
sheep,Schaafe,,Meat,Meat,Other,Stück (Piece),-0.5976246694,0.2930288702,1.480566923,1.210671911,,,,-0.813540679,,-0.7865511778,,,-0.7865511778,,,,,,,,,,,,,,,,,,,,8.022727273,27,1,,"1,268.50",,,"1,164.75","1,172.25",1381,,,,,,,,,,,,,6,,,2,"1,093.50",190.5,,,,1,,10.25,,,,,,,,,4,,,,,,,,,
small birds,Kleine Vogel,,Meat,Meat,"Bird, wild",Stück (Piece),-0.005795845966,-0.2144463008,-0.2144463008,-0.1912629169,,,,2.335725924,,-0.8751727409,,,-0.8056225893,,,,,,,,,,-0.02897922983,,,,,,,,,,76.4,426,0,,649,,,50,296,391,,,,,,,,,,,,,0,,,,118,,,,,0,,426,,,,,,,,,135,,,,,,,,,
small pickled fish,Pökel Speißfische,"See Krünitz, <13, 505>",Fish,Fish,,Stof (Fluids),,,,,,,,,,,,,,,,,,,,,,,,,,,,,,,,,68.11111111,288,1,,5280,,,4032,3576,504,,,,,,,,,,,,,288,,,,1188,,,,,156,,,,,,,,,,,84,,,,,,,,,
small sheep cheese,Kleine Schaaffkese,,Dairy,Dairy,,Stück (Piece),-0.5055183915,0.5917308304,0.7837494442,-1.163867925,,,,-1.191299155,,1.414667747,,,0.07053744998,,,,,,,,,,,,,,,,,,,,26.25,86,0,,1071,,,204,515,553,,,,,,,,,,,,,0,,,,0,,,,,0,,,,,,,,,,,,,,,,,,,,
smoked fish,Rochfisch/Rauchfisch,,Fish,Fish,,Stück (Piece),,,,,,,,,,,,,,,,,,,,,,,,,,,,,,,,,35.75,96,0,,15480,,,390,4080,0,,,,,,,,,,,,,0,,,,9180,,,,,750,,,,,,,,,,,,,,,,,,,,
snails,Schnecken,,Seafood,Meat,,Stück (Piece),-0.1590220181,,1.749242199,-0.7155990816,,,,-0.7421027512,,0.5830807331,,,-0.7155990816,,,,,,,,,,,,,,,,,,,,53.375,420,1,,,,,,,,,,,,,,,,,,,,,,,,,,,,,,,,,,,,,,,,420,,,,,,,,,
snow bunting,Schneevogel,Referred to as Schneeammer in Krünitz,Meat,Meat,"Bird, wild",Stück (Piece),0.4259897168,0.1657697541,-0.2679301839,-0.5108021491,0.2004657491,,,-0.2158861913,2.282225451,,,,-1.031242075,-1.048590072,,,,,,,,,,,,,,,,,,,1,1,1,,,,,,,,,,,,,,,,,,,,,,,,,,,,,,,,,,,,,,,,,,,,,,,,,
sparrows and skylarks,Spreen u. Lÿrchen,,Meat,Meat,"Bird, wild",Stück (Piece),-1.417374521,0.8733317756,0.07158457177,,,,,,,,,,0.4724581737,,,,,,,,,,,,,,,,,,,,7.142857143,44,1,,,,,,,,,,,,,,,,,,,,,,,,280,,,,,,,,,,,,,,,,,,,,,,,,,
spiced gudgeon,Roßmucken,See Idioticon Prussicum and Preussische Wörterbuch,Fish,Fish,,Stück (Piece),-0.4996560027,,,-0.4542327297,,,,,,1.498968008,,,-0.5450792757,,,,,,,,,,,,,,,,,,,,19.125,95,0,,143,,,,66,0,,,,,,,,,,,,,0,,,,34,,,,,0,,,,,,,,,,,,,,,,,,,,
spicy sauerkraut,Schaafenkombst/Schäfen Kumbst,Not sure of translation,Vegetable,Organics,,Stof (Fluids),2.332903658,1.130671098,0.3578073095,-0.07156146191,,,,-0.8014883734,-0.7156146191,0.9589235896,-0.6297408648,,-0.7585514962,-0.6297408648,-0.6726777419,,,,,,,,-0.5009302334,,,,,,,,,,42.36363636,192,0,,528,,,41555,240,240,,72,,,,,,,,,,,48,,,192,,,,,,0,,0,,,,,,,,,,,,,,,,,,
starling,Spreen,From a Platdeutsch word see: http://www.welt.de/welt_print/article1243926/Auf-ein-Platt-Wort.html,Meat,Meat,"Bird, wild",Stück (Piece),-0.34959648,-0.6963398546,-0.2009921767,-0.4321544263,-0.3908754532,-0.6055261136,3.667879583,-0.1019226411,,-0.1184342303,-0.4982007834,,-0.5147123727,-0.09779474376,-0.2092479713,0.4677271885,0.0219142784,-0.4073870425,,,,,0.4656632399,,,,,,,,,,18.14285714,48,1,,107,,,24,19,,,,,,,,,,,,,,,,,,,,,,,6,,,,,,,,,,,,,,,,,,,,
sturgeon,Stör,,Fish,Fish,,Stück (Piece),,,,,,,,,,,,,,,,,,,,,,,,,,,,,,,,,8.142857143,47,1,,1,,,,,1,,,,,,,,,,,,,,,,,3,,,,,0,,,,,,,,,,,,,,,,,,,,
suckling pig,Spanferkel,,Meat,Meat,Pork,Stück (Piece),-0.7071067812,,0.7071067812,,,,,,,,,,,,,,,,,,,,,,,,,,,,,,13.16666667,46,0,,432,,,227,160,170,,,,,,,,,,,,,0,,,2,279,105,,,,0,,4,3,,,,,,,,7,,,,,,,,,
sugar,Zucker,,Sugar,Flavorings,,Pfund (lb),-0.1616263846,-1.173548097,1.918434913,-0.1054085117,,,,-1.117330224,,-0.1616263846,0.007027234115,,,0.7940774549,,,,,,,,,,,,,,,,,,,92.4296875,533.625,6,,2333,,,"1,524.40",3414,"3,296.25",,42,,,,,,,,"4,190.50",533.625,,77,,,,"6,365.50","2,311.50",,,,30,,77.5,64,146,92,40,,,,,145.75,,,,,,,,,
swans,Schwanen,,Meat,Meat,"bird, wild",Stück (Piece),,1.30558242,,-0.7833494518,,,,,,0.2611164839,,,-0.7833494518,,,,,,,,,,,,,,,,,,,,0.875,1,0,,,,,,,,,,,,,,,,,,,,0,,,,,,,,,,,,,,,,,,,,,,,,,,,,,
tench,Schleÿen,See https://en.wikipedia.org/wiki/Tench,Fish,Fish,,Stof (Fluids),-0.03171724167,-0.5541188692,-0.2406778927,0.1772434093,,,,-1.024280334,-0.9459200898,1.248166746,0.04664300245,-0.8414397643,0.02052292108,-0.475758625,-0.893679927,,,,,,,,0.9869659319,,2.528050733,,,,,,,,8.142857143,51,1,,1,,,,266,,,,,,,,,,,,,,,,,,,,,,,,,,,,,,,,,,,,,,,,,,,
thrush,Drußeln/Droßelln,,Meat,Meat,"Bird, wild",Stück (Piece),1.667688795,-0.521735042,-0.3121093555,0.0838502746,,,,-0.917694672,,,,,,,,,,,,,,,,,,,,,,,,,25.88888889,67,1,,1680,,,116,345,2351,,,,,,,,,,,,,12,,,,18,2068,,,,,,46,,,,,,,,,,,,,,,,,,
turbot,Steinbutter,,Fish,Fish,,Stück (Piece),1.378597266,0.6621349656,1.041438536,0.9150040127,,,,-0.9182965784,-0.6022102696,-0.8761517372,-0.6022102696,,-0.3493412225,-0.5600654284,-0.7181085828,-0.6654275313,-0.6759637416,,,,,,0.4566788649,,2.369001033,,,,,,-0.8550793166,,2,4,1,,,,,1,,0,,,,,,,,,,,,,,,,,1,,,,,0,,,,,,,,,,,,,,,,,,,,
various small fish,Speißfische,,Fish,Fish,,Stof (Fluids),-0.812308478,0.6026804837,1.47525701,0.555514185,,,,-1.09530627,,0.5083478862,0.885678276,,-1.09530627,,,,,,,,,,-1.024556822,,,,,,,,,,11.625,44,0,,96,,,132,156,340,,,,,,,,,,,,,0,,,,,,,,,,,,,,,,,,,,,,,,,,,,,
veal,Kälber,,Meat,Meat,Beef,Stück (Piece),-0.2553348448,,0.05933837942,-0.8091597194,,,,,-0.8846812932,-0.6203557848,,,,,,,,,,,,,0.5628155381,,1.947377725,,,,,,,,40.015625,159,1,,977.85,,,523.13,685.85,779.75,,,,,,,,,,,,,3,,,18,"1,646.50",148.75,,,,4,,20,12.5,15,14.5,,,,,,68.25,,159,,,,,,6,
vimba bream,Zertten,,Fish,Fish,,Stück (Piece),,,,-0.7071067812,,,,,,,,,0.7071067812,,,,,,,,,,,,,,,,,,,,1.142857143,2,1,,20,,,,,0,,,,,,,,,,,,,,,,,,,,,,,,,,,,,,,,,,,,,,,,,,
water mannagrass,Schwaden,,Grain,Grain,,Stof (Solids),,,,,,,,,,,,,,,,,,,,,,,,,,,,,,,,,46.77777778,111,1,,120.5,,,45.5,97,51,,,,,,,,,,,,,1,,,,53,9,,,,0,,,,,,,,,,,4,,,,,,,,,
waxwing,Seÿden SchwäntzSchwantz/Seiden Schwäntz,,Meat,Meat,"Bird, wild",Stück (Piece),,,,,,,,,,,,,,,,,,,,,,,,,,,,,,,,,53.9,240,1,,343,,,,580,186,,,,,,,,,,,,,,,,15,2076,,,,,,,,,,,,,,,,130,,240,,,,,,,
Wels catfish,Welße,,Fish,Fish,,Stück (Piece),0.9585467629,0.5975534029,0.5674706229,1.650450703,,,,-1.162289228,,0.4170567228,0.08614614275,,0.3568911628,-1.177330618,,,,,,,,,-1.147247838,,-1.147247838,,,,,,,,2.142857143,8,1,,,,,,,0,,,,,,,,,,,,,,,,,,,,,,1,,,,,,,,,,,,,,,,,,,,
westphalian ham,Westphalische Schincken,,Meat,Meat,pork,Stück (Piece),0.2001132649,-0.8504813757,1.484173381,-0.111174036,,,,-1.35632324,,1.01724243,-0.3835504243,,,,,,,,,,,,,,,,,,,,,,1,1,1,,3,,,,,,,,,,,,,,,,,,,,,,,,,,,,,,,,,,,,,,,,,,,,,,,
wheat flour,Weitzen Mehl,,Grain,Grain,,Stof (Solids),,,,,,,,,,,,,,,-0.7071067812,0.7071067812,,,,,,,,,,,,,,,,,21.875,168,1,,,,,,,,,,,,,,,,,,,,,,,,,,,,,,,,,,,,,,,,168,,,,,,,,,
wild boar,Wildeschweine,,Meat,Meat,"pork, wild",Stück (Piece),-0.1152188251,,0.2486300964,0.4669394493,,,,-1.643384295,,1.376561753,-0.3335281781,,,,,,,,,,,,,,,,,,,,,,33.31818182,95,0,,41,,,31.37,30.75,86.25,,,,,,,,,,,,,0.5,,,,37,3,,,,94,,0,,,,,,,,,1,,1,,,,,,,
wild geese,Wilde Gänße,,Meat,Meat,"bird, wild",Stück (Piece),-0.3705804183,0.3589997802,0.08106446651,1.991869748,,,,-1.030676788,,0.04632255229,0.8801284935,,,-1.030676788,,,,,,,,,-0.9264510458,,,,,,,,,,26.375,74,0,,20,,,12,41,25,,,,,,,,,,,,,0,,,,47,19,,,,,,,,,,,,,,,,,,,,,,,,
wild turkey,Kalkuhnen,,Meat,Meat,"bird, fowl",Stück (Piece),0.7071067812,,,-0.7071067812,,,,,,,,,,,,,,,,,,,,,,,,,,,,,37,136,0,,196,,,133,168,358,,,,,,,,,,,,,0,,,3,79,293,7,,,6,,21,5,,,,,,,,77,,136,,,,,,,
wine vinegar,Weineßig,,Acid,Flavorings,,Stof (Fluids),,,,,,,,,,,,,,,,,,,,,,,,,,,,,,,,,3.333333333,12,1,,,,,,,,,,,,,,,,,,,,,,,,,,,,,,,,11,12,,,,,,,,,,,,,,,,
yellow hammer,Goldämmer,,Meat,Meat,"Bird, wild",Stück (Piece),,,,,,,,,,,,,,,,,,,,,,,,,,,,,,,,,29.5,84,0,,2092,,,,2685,4453,,,,,,,,,,,,,0,,,,7109,2491,,,,,,,,,,,,,,,,,,,,,,,,
young boar,Fröschlinge,,Meat,Meat,"pork, wild",Stück (Piece),,,,,,,,,,,,,,,,,,,,,,,,,,,,,,,,,25.5,88,0,,13,,,20.25,18.37,74.25,,,,,,,,,,,,,0,,,,19,4,,,,,,0,,,,,,,,,3,,,,,,,,,